
INSERT INTO `patients` (`id`,`time_stamp`,`professional_id`) VALUES ('1','1207082048','1');
INSERT INTO `patients` (`id`,`time_stamp`,`professional_id`) VALUES ('2','1207082048','7');
INSERT INTO `patients` (`id`,`time_stamp`,`professional_id`) VALUES ('3','1207082048','7');

INSERT INTO `patient_accounts` (`id`,`patient_id`,`name`,`lastname`,`lastname_search`,`treatment_location_id`,`phn`,`outofprovince`,`visits`,`current_flag`,`account_status`,`delete_reason`,`created_by`,`user_signature`) VALUES ('1','1','/L+kMWDxRAs=','dHpK7k7DUlc=','gG66Hq7wgD4=','1','59kNKoNISaEFdvXmZq/WSg==','1',NULL,'0','1',NULL,'1',NULL);
INSERT INTO `patient_accounts` (`id`,`patient_id`,`name`,`lastname`,`lastname_search`,`treatment_location_id`,`phn`,`outofprovince`,`visits`,`current_flag`,`account_status`,`delete_reason`,`created_by`,`user_signature`) VALUES ('2','1','wPtN13AzBHc=','dHpK7k7DUlc=','gG66Hq7wgD4=','1','59kNKoNISaEFdvXmZq/WSg==','1',NULL,'1','1',NULL,'1',NULL);
INSERT INTO `patient_accounts` (`id`,`patient_id`,`name`,`lastname`,`lastname_search`,`treatment_location_id`,`phn`,`outofprovince`,`visits`,`current_flag`,`account_status`,`delete_reason`,`created_by`,`user_signature`) VALUES ('3','2','nqfo6Y9Vq1IFMFLUO8VM2w==','JZOA9V6SZj8=','mKKHPsdkuYw=','607','yDrNL8sKTMu3Ty1KkYcI/g==','0','0','0','1',NULL,'7',NULL);
INSERT INTO `patient_accounts` (`id`,`patient_id`,`name`,`lastname`,`lastname_search`,`treatment_location_id`,`phn`,`outofprovince`,`visits`,`current_flag`,`account_status`,`delete_reason`,`created_by`,`user_signature`) VALUES ('4','3','9NZ2Me2kXBg=','TwEB9SA04vA=','+YIHVjUlUAI=','606','tU0FHz+byxkPgFvZCZYTXQ==','0','0','1','0','','7',NULL);
INSERT INTO `patient_accounts` (`id`,`patient_id`,`name`,`lastname`,`lastname_search`,`treatment_location_id`,`phn`,`outofprovince`,`visits`,`current_flag`,`account_status`,`delete_reason`,`created_by`,`user_signature`) VALUES ('5','2','nqfo6Y9Vq1IFMFLUO8VM2w==','JZOA9V6SZj8=','mKKHPsdkuYw=','605','yDrNL8sKTMu3Ty1KkYcI/g==','0','1','1','1',NULL,'7',NULL);

INSERT INTO `patient_profiles` (`id`,`patient_id`,`current_flag`,`active`,`offline_flag`,`treatment_location_id`,`referral_id`,`patient_res_id`,`funding_source_id`,`dob_month`,`dob_day`,`dob_year`,`gender`,`allergies`,`interfering_meds`,`interfering_meds_other`,`co_morbidities`,`medications_comments`,`professionals`,`professional_id`,`surgical_history`,`braden_sensory`,`braden_moisture`,`braden_activity`,`braden_mobility`,`braden_nutrition`,`braden_friction`,`investigations_show`,`investigation`,`albumin`,`pre_albumin`,`albumin_date`,`prealbumin_date`,`blood_sugar`,`blood_sugar_meal`,`blood_sugar_date`,`start_date`,`last_update`,`user_signature`) VALUES ('1','1','1','1',NULL,NULL,'10','36','1','QO/K4re5TmU=','qWF6uKF0Rsw=','1999','0','allergies','a:1:{i:0;s:5:\"other\";}','','a:1:{i:0;s:5:\"other\";}','',NULL,'7',NULL,'1','1','1','1','1','1',NULL,NULL,NULL,NULL,NULL,NULL,NULL,NULL,NULL,'1208981858',NULL,'signature');
INSERT INTO `patient_profiles` (`id`,`patient_id`,`current_flag`,`active`,`offline_flag`,`treatment_location_id`,`referral_id`,`patient_res_id`,`funding_source_id`,`dob_month`,`dob_day`,`dob_year`,`gender`,`allergies`,`interfering_meds`,`interfering_meds_other`,`co_morbidities`,`medications_comments`,`professionals`,`professional_id`,`surgical_history`,`braden_sensory`,`braden_moisture`,`braden_activity`,`braden_mobility`,`braden_nutrition`,`braden_friction`,`investigations_show`,`investigation`,`albumin`,`pre_albumin`,`albumin_date`,`prealbumin_date`,`blood_sugar`,`blood_sugar_meal`,`blood_sugar_date`,`start_date`,`last_update`,`user_signature`) VALUES ('2','2','0','1','0','605','0','39','2','YROyr/qD2hs=','xtkM3o6tUJg=','1977','130','Bees','a:1:{i:0;s:3:\"817\";}','','a:1:{i:0;s:3:\"296\";}','a:1:{i:0;s:3:\"776\";}','Dr Burns','7','test surgical','1','4','3','1','1','0','1','Biopsy : 1/July/1977--,--;','1.1','1.2','236592061','239184061','1','1','236592061','1207082048','1207082048','1318h 1/Apr/2008 - WOCN:ID#:7 WU');
INSERT INTO `patient_profiles` (`id`,`patient_id`,`current_flag`,`active`,`offline_flag`,`treatment_location_id`,`referral_id`,`patient_res_id`,`funding_source_id`,`dob_month`,`dob_day`,`dob_year`,`gender`,`allergies`,`interfering_meds`,`interfering_meds_other`,`co_morbidities`,`medications_comments`,`professionals`,`professional_id`,`surgical_history`,`braden_sensory`,`braden_moisture`,`braden_activity`,`braden_mobility`,`braden_nutrition`,`braden_friction`,`investigations_show`,`investigation`,`albumin`,`pre_albumin`,`albumin_date`,`prealbumin_date`,`blood_sugar`,`blood_sugar_meal`,`blood_sugar_date`,`start_date`,`last_update`,`user_signature`) VALUES ('3','2','1','1','0','605','0','39','797','YROyr/qD2hs=','xtkM3o6tUJg=','1977','130','Bees','a:1:{i:0;s:3:\"817\";}','','a:1:{i:0;s:3:\"296\";}','a:1:{i:0;s:3:\"776\";}','Dr Burns','7','test surgical','1','4','3','1','1','0','1','Biopsy : 1/July/1977--,--;','1.1','1.2','236592061','239184061','1','0','236592061','1207082048','1207082048','1318h 1/Apr/2008 - WOCN:ID#:7 WU');
INSERT INTO `patient_profiles` (`id`,`patient_id`,`current_flag`,`active`,`offline_flag`,`treatment_location_id`,`referral_id`,`patient_res_id`,`funding_source_id`,`dob_month`,`dob_day`,`dob_year`,`gender`,`allergies`,`interfering_meds`,`interfering_meds_other`,`co_morbidities`,`medications_comments`,`professionals`,`professional_id`,`surgical_history`,`braden_sensory`,`braden_moisture`,`braden_activity`,`braden_mobility`,`braden_nutrition`,`braden_friction`,`investigations_show`,`investigation`,`albumin`,`pre_albumin`,`albumin_date`,`prealbumin_date`,`blood_sugar`,`blood_sugar_meal`,`blood_sugar_date`,`start_date`,`last_update`,`user_signature`) VALUES ('13','2','0','0',NULL,'605','0','39','797','YROyr/qD2hs=','xtkM3o6tUJg=','1977','130','Bees','a:1:{i:0;s:3:\"817\";}','','a:1:{i:0;s:3:\"296\";}','a:1:{i:0;s:3:\"776\";}','Dr Burns','7','test surgical','1','4','3','1','1','0','1','Biopsy : 1/July/1977--,--;','1.1','1.2','236592061','239184061','1','0','236592061','1207082048','1207082048','1322h 1/Apr/2008 - WOCN:ID#:7 WU');

INSERT INTO `wounds` (`id`,`active`,`patient_id`,`professional_id`,`wound_location`,`wound_location_detailed`,`wound_location_position`,`image_name`,`location_image_id`,`start_date`,`discharge`,`status`,`startdate_signature`,`closed_date`) VALUES ('1','0','1','7','myWound','','','image.jpg','0','1207082048',NULL,NULL,'1317h 1/Apr/2008 - null:ID#:7 N/A',NULL);
INSERT INTO `wounds` (`id`,`active`,`patient_id`,`professional_id`,`wound_location`,`wound_location_detailed`,`wound_location_position`,`image_name`,`location_image_id`,`start_date`,`discharge`,`status`,`startdate_signature`,`closed_date`) VALUES ('2','1','2','7','Chest','Chest','F','m_ant_chest.jpg','18','1207082048',NULL,NULL,'1319h 1/Apr/2008 - WOCN:ID#:7 WU',NULL);
INSERT INTO `wounds` (`id`,`active`,`patient_id`,`professional_id`,`wound_location`,`wound_location_detailed`,`wound_location_position`,`image_name`,`location_image_id`,`start_date`,`discharge`,`status`,`startdate_signature`,`closed_date`) VALUES ('3','1','2','7','Abdomen','Abdomen','F','m_ant_abdomen.jpg','20','1207082048',NULL,NULL,'1319h 1/Apr/2008 - WOCN:ID#:7 WU',NULL);
INSERT INTO `wounds` (`id`,`active`,`patient_id`,`professional_id`,`wound_location`,`wound_location_detailed`,`wound_location_position`,`image_name`,`location_image_id`,`start_date`,`discharge`,`status`,`startdate_signature`,`closed_date`) VALUES ('4','1','2','7','Head and neck','Head/neck (Anterior)','F','m_ant_headneck.jpg','3','1207082048',NULL,NULL,'1320h 1/Apr/2008 - WOCN:ID#:7 WU',NULL);

INSERT INTO `wound_profile_type` (`id`,`patient_id`,`wound_id`,`alpha_type`,`closed`,`closed_date`) VALUES ('1','2','2','A','0','');
INSERT INTO `wound_profile_type` (`id`,`patient_id`,`wound_id`,`alpha_type`,`closed`,`closed_date`) VALUES ('2','2','3','O','0','');
INSERT INTO `wound_profile_type` (`id`,`patient_id`,`wound_id`,`alpha_type`,`closed`,`closed_date`) VALUES ('3','2','4','D','0','');
INSERT INTO `wound_profile_type` (`id`,`patient_id`,`wound_id`,`alpha_type`,`closed`,`closed_date`) VALUES ('4','2','4','T','0','');

INSERT INTO `wound_profiles` (`id`,`current_flag`,`offline_flag`,`patient_id`,`wound_id`,`last_update`,`etiology`,`pressure_ulcer`,`goals`,`prev_prods`,`referral`,`reason_for_care`,`active`,`professional_id`,`user_signature`,`surgeon`,`date_surgery`,`operative_procedure_comments`,`teaching_goals`,`patient_limitations`,`marking_prior_surgery`,`type_of_ostomy`) VALUES ('1','1',NULL,'1','1',NULL,'a:1:{i:0;s:5:\"other\";}','1','','test',NULL,NULL,'1','7','user',NULL,NULL,NULL,NULL,NULL,NULL,NULL);
INSERT INTO `wound_profiles` (`id`,`current_flag`,`offline_flag`,`patient_id`,`wound_id`,`last_update`,`etiology`,`pressure_ulcer`,`goals`,`prev_prods`,`referral`,`reason_for_care`,`active`,`professional_id`,`user_signature`,`surgeon`,`date_surgery`,`operative_procedure_comments`,`teaching_goals`,`patient_limitations`,`marking_prior_surgery`,`type_of_ostomy`) VALUES ('2','1','0','2','2',NULL,'a:4:{i:0;s:15:\"Wound A: Venous\";i:1;s:15:\"Wound B: Venous\";i:2;s:15:\"Wound C: Venous\";i:3;s:15:\"Wound D: Venous\";}','0','a:4:{i:0;s:26:\"Wound A: To maintain wound\";i:1;s:26:\"Wound B: To maintain wound\";i:2;s:26:\"Wound C: To maintain wound\";i:3;s:26:\"Wound D: To maintain wound\";}',NULL,NULL,'Reason','1','7','1319h 23/Apr/2008 - WOCN:ID#:7 WU','dr. burns','238752061','comment','0','a:0:{}',NULL,'a:0:{}');
INSERT INTO `wound_profiles` (`id`,`current_flag`,`offline_flag`,`patient_id`,`wound_id`,`last_update`,`etiology`,`pressure_ulcer`,`goals`,`prev_prods`,`referral`,`reason_for_care`,`active`,`professional_id`,`user_signature`,`surgeon`,`date_surgery`,`operative_procedure_comments`,`teaching_goals`,`patient_limitations`,`marking_prior_surgery`,`type_of_ostomy`) VALUES ('3','1','0','2','3',NULL,'a:2:{i:0;s:27:\"Wound Fecal Stoma 1: Trauma\";i:1;s:24:\"Wound Urostomy 1: Trauma\";}','0','a:2:{i:0;s:35:\"Wound Urostomy 1: To maintain wound\";i:1;s:38:\"Wound Fecal Stoma 1: To maintain wound\";}',NULL,NULL,'Reason','1','7','1319h 23/Apr/2008 - WOCN:ID#:7 WU','Dr. Smithers','236592061','Operative Procedure Comments','1390','a:1:{i:0;s:4:\"1513\";}','1','a:1:{i:0;s:4:\"1010\";}');
INSERT INTO `wound_profiles` (`id`,`current_flag`,`offline_flag`,`patient_id`,`wound_id`,`last_update`,`etiology`,`pressure_ulcer`,`goals`,`prev_prods`,`referral`,`reason_for_care`,`active`,`professional_id`,`user_signature`,`surgeon`,`date_surgery`,`operative_procedure_comments`,`teaching_goals`,`patient_limitations`,`marking_prior_surgery`,`type_of_ostomy`) VALUES ('6','1','0','2','4',NULL,'a:4:{i:0;s:31:\"Wound Incision Tag 1: Malignant\";i:1;s:34:\"Wound Drain or Tube 1: Obstruction\";i:2;s:33:\"Wound Incision Tag 1: Obstruction\";i:3;s:34:\"Wound Drain or Tube 2: Obstruction\";}','0','a:3:{i:0;s:40:\"Wound Drain or Tube 1: To maintain wound\";i:1;s:40:\"Wound Drain or Tube 2: To maintain wound\";i:2;s:39:\"Wound Incision Tag 1: To maintain wound\";}',NULL,NULL,'Reason','1','7','1320h 23/Apr/2008 - WOCN:ID#:7 WU','Dr. Smithers','236592061','Operative Procedure Comments','0','a:0:{}',NULL,'a:0:{}');
INSERT INTO `wound_profiles` (`id`,`current_flag`,`offline_flag`,`patient_id`,`wound_id`,`last_update`,`etiology`,`pressure_ulcer`,`goals`,`prev_prods`,`referral`,`reason_for_care`,`active`,`professional_id`,`user_signature`,`surgeon`,`date_surgery`,`operative_procedure_comments`,`teaching_goals`,`patient_limitations`,`marking_prior_surgery`,`type_of_ostomy`) VALUES ('10','0',NULL,'2','2',NULL,'a:4:{i:0;s:15:\"Wound A: Venous\";i:1;s:15:\"Wound B: Venous\";i:2;s:15:\"Wound C: Venous\";i:3;s:15:\"Wound D: Venous\";}','0','a:4:{i:0;s:26:\"Wound A: To maintain wound\";i:1;s:26:\"Wound B: To maintain wound\";i:2;s:26:\"Wound C: To maintain wound\";i:3;s:26:\"Wound D: To maintain wound\";}',NULL,NULL,'Reason','0','7','1322h 23/Apr/2008 - WOCN:ID#:7 WU','dr. burns','238752061','comment','0','a:0:{}',NULL,'a:0:{}');




INSERT INTO `wound_assessment` (`id`,`active`,`patient_account_id`,`patient_id`,`wound_id`,`treatment_location_id`,`has_comments`,`estim_show`,`laser_show`,`massage_show`,`hbot_show`,`ultrasound_show`,`estim`,`laser`,`massage`,`hbot`,`ultrasound`,`offline_flag`,`professional_id`,`time_stamp`,`user_signature`) VALUES ('1','1',NULL,'2','3',NULL,NULL,NULL,NULL,NULL,NULL,NULL,NULL,NULL,NULL,NULL,NULL,'0','7','1207082048','1319h 1/Apr/2008 - WOCN:ID#:7 WU');
INSERT INTO `wound_assessment` (`id`,`active`,`patient_account_id`,`patient_id`,`wound_id`,`treatment_location_id`,`has_comments`,`estim_show`,`laser_show`,`massage_show`,`hbot_show`,`ultrasound_show`,`estim`,`laser`,`massage`,`hbot`,`ultrasound`,`offline_flag`,`professional_id`,`time_stamp`,`user_signature`) VALUES ('2','1',NULL,'2','3',NULL,NULL,NULL,NULL,NULL,NULL,NULL,NULL,NULL,NULL,NULL,NULL,'0','7','1207082048','1320h 1/Apr/2008 - WOCN:ID#:7 WU');
INSERT INTO `wound_assessment` (`id`,`active`,`patient_account_id`,`patient_id`,`wound_id`,`treatment_location_id`,`has_comments`,`estim_show`,`laser_show`,`massage_show`,`hbot_show`,`ultrasound_show`,`estim`,`laser`,`massage`,`hbot`,`ultrasound`,`offline_flag`,`professional_id`,`time_stamp`,`user_signature`) VALUES ('3','1',NULL,'2','4',NULL,NULL,NULL,NULL,NULL,NULL,NULL,NULL,NULL,NULL,NULL,NULL,'0','7','1207082048','1321h 1/Apr/2008 - WOCN:ID#:7 WU');
INSERT INTO `wound_assessment` (`id`,`active`,`patient_account_id`,`patient_id`,`wound_id`,`treatment_location_id`,`has_comments`,`estim_show`,`laser_show`,`massage_show`,`hbot_show`,`ultrasound_show`,`estim`,`laser`,`massage`,`hbot`,`ultrasound`,`offline_flag`,`professional_id`,`time_stamp`,`user_signature`) VALUES ('4','1',NULL,'2','4',NULL,NULL,NULL,NULL,NULL,NULL,NULL,NULL,NULL,NULL,NULL,NULL,'0','7','1207082048','1321h 1/Apr/2008 - WOCN:ID#:7 WU');
INSERT INTO `wound_assessment` (`id`,`active`,`patient_account_id`,`patient_id`,`wound_id`,`treatment_location_id`,`has_comments`,`estim_show`,`laser_show`,`massage_show`,`hbot_show`,`ultrasound_show`,`estim`,`laser`,`massage`,`hbot`,`ultrasound`,`offline_flag`,`professional_id`,`time_stamp`,`user_signature`) VALUES ('5','1',NULL,'2','2',NULL,NULL,NULL,NULL,NULL,NULL,NULL,NULL,NULL,NULL,NULL,NULL,'0','7','1207082048','1321h 1/Apr/2008 - WOCN:ID#:7 WU');
INSERT INTO `wound_assessment` (`id`,`active`,`patient_account_id`,`patient_id`,`wound_id`,`treatment_location_id`,`has_comments`,`estim_show`,`laser_show`,`massage_show`,`hbot_show`,`ultrasound_show`,`estim`,`laser`,`massage`,`hbot`,`ultrasound`,`offline_flag`,`professional_id`,`time_stamp`,`user_signature`) VALUES ('6','0',NULL,'2','2',NULL,NULL,NULL,NULL,NULL,NULL,NULL,NULL,NULL,NULL,NULL,NULL,NULL,'7','1207082048','1322h 1/Apr/2008 - WOCN:ID#:7 WU');


INSERT INTO `wound_assessment_location` (`id`,`active`,`patient_id`,`wound_id`,`alpha`,`wound_profile_type_id`,`discharge`,`reactivate`,`open_time_stamp`,`close_time_stamp`,`professional_id`) VALUES ('1','1','2','2','A','1','0','0','1207082048','','7');
INSERT INTO `wound_assessment_location` (`id`,`active`,`patient_id`,`wound_id`,`alpha`,`wound_profile_type_id`,`discharge`,`reactivate`,`open_time_stamp`,`close_time_stamp`,`professional_id`) VALUES ('2','1','2','2','B','1','0','0','1207082048','','7');
INSERT INTO `wound_assessment_location` (`id`,`active`,`patient_id`,`wound_id`,`alpha`,`wound_profile_type_id`,`discharge`,`reactivate`,`open_time_stamp`,`close_time_stamp`,`professional_id`) VALUES ('3','1','2','2','C','1','0','0','1207082048','','7');
INSERT INTO `wound_assessment_location` (`id`,`active`,`patient_id`,`wound_id`,`alpha`,`wound_profile_type_id`,`discharge`,`reactivate`,`open_time_stamp`,`close_time_stamp`,`professional_id`) VALUES ('4','1','2','2','D','1','0','0','1207082048','','7');
INSERT INTO `wound_assessment_location` (`id`,`active`,`patient_id`,`wound_id`,`alpha`,`wound_profile_type_id`,`discharge`,`reactivate`,`open_time_stamp`,`close_time_stamp`,`professional_id`) VALUES ('5','1','2','3','ostf1','2','0','0','1207082048','','7');
INSERT INTO `wound_assessment_location` (`id`,`active`,`patient_id`,`wound_id`,`alpha`,`wound_profile_type_id`,`discharge`,`reactivate`,`open_time_stamp`,`close_time_stamp`,`professional_id`) VALUES ('6','1','2','3','ostu1','2','0','0','1207082048','','7');
INSERT INTO `wound_assessment_location` (`id`,`active`,`patient_id`,`wound_id`,`alpha`,`wound_profile_type_id`,`discharge`,`reactivate`,`open_time_stamp`,`close_time_stamp`,`professional_id`) VALUES ('7','1','2','4','td1','3','0','0','1207082048','','7');
INSERT INTO `wound_assessment_location` (`id`,`active`,`patient_id`,`wound_id`,`alpha`,`wound_profile_type_id`,`discharge`,`reactivate`,`open_time_stamp`,`close_time_stamp`,`professional_id`) VALUES ('8','1','2','4','td2','3','0','0','1207082048','','7');
INSERT INTO `wound_assessment_location` (`id`,`active`,`patient_id`,`wound_id`,`alpha`,`wound_profile_type_id`,`discharge`,`reactivate`,`open_time_stamp`,`close_time_stamp`,`professional_id`) VALUES ('9','1','2','4','tag1','4','0','0','1208982049','','7');


INSERT INTO `wound_location_details` (`id`,`alpha_id`,`image`,`box`) VALUES ('1','1','A','167');
INSERT INTO `wound_location_details` (`id`,`alpha_id`,`image`,`box`) VALUES ('2','2','B','40');
INSERT INTO `wound_location_details` (`id`,`alpha_id`,`image`,`box`) VALUES ('3','3','C','101');
INSERT INTO `wound_location_details` (`id`,`alpha_id`,`image`,`box`) VALUES ('4','4','D','106');
INSERT INTO `wound_location_details` (`id`,`alpha_id`,`image`,`box`) VALUES ('5','5','ostf1','106');
INSERT INTO `wound_location_details` (`id`,`alpha_id`,`image`,`box`) VALUES ('6','6','ostu1','167');
INSERT INTO `wound_location_details` (`id`,`alpha_id`,`image`,`box`) VALUES ('7','7','td1','167');
INSERT INTO `wound_location_details` (`id`,`alpha_id`,`image`,`box`) VALUES ('8','8','td2','40');
INSERT INTO `wound_location_details` (`id`,`alpha_id`,`image`,`box`) VALUES ('9','9','tag1','106');



INSERT INTO `assessment_comments` (`id`,`patient_id`,`wound_id`,`assessment_id`,`wound_profile_type_id`,`professional_id`,`time_stamp`,`body`,`user_signature`) VALUES ('1','2','3','1','2','7','1207082048','Ostomy Comment','1320h 1/Apr/2008 - WOCN:ID#:7 WU');
INSERT INTO `assessment_comments` (`id`,`patient_id`,`wound_id`,`assessment_id`,`wound_profile_type_id`,`professional_id`,`time_stamp`,`body`,`user_signature`) VALUES ('2','2','4','3','3','7','1207082048','Drain Comment','1321h 1/Apr/2008 - WOCN:ID#:7 WU');
INSERT INTO `assessment_comments` (`id`,`patient_id`,`wound_id`,`assessment_id`,`wound_profile_type_id`,`professional_id`,`time_stamp`,`body`,`user_signature`) VALUES ('3','2','4','4','4','7','1207082048','Incision Comment','1321h 1/Apr/2008 - WOCN:ID#:7 WU');
INSERT INTO `assessment_comments` (`id`,`patient_id`,`wound_id`,`assessment_id`,`wound_profile_type_id`,`professional_id`,`time_stamp`,`body`,`user_signature`) VALUES ('4','2','2','5','1','7','1207082048','Wound Care Comment','1322h 1/Apr/2008 - WOCN:ID#:7 WU');



INSERT INTO `assessment_drain` (`id`,`wound_not_assessed`,`active`,`patient_id`,`wound_id`,`assessment_id`,`alpha_id`,`wound_profile_type_id`,`phone_visit`,`priority`,`last_update`,`type_of_drain`,`treatment_comments`,`type_of_drain_other`,`sutured`,`tubes_changed_date`,`peri_drain_area`,`additional_days_date1`,`tube_capped1`,`drainage_amount_mls1`,`drainage_amount_hrs1`,`drainage_amount1_start`,`drainage_amount1_end`,`additional_days_date2`,`tube_capped2`,`drainage_amount_mls2`,`drainage_amount_hrs2`,`drainage_amount2_start`,`drainage_amount2_end`,`additional_days_date3`,`tube_capped3`,`drainage_amount_mls3`,`drainage_amount_hrs3`,`drainage_amount3_start`,`drainage_amount3_end`,`additional_days_date4`,`tube_capped4`,`drainage_amount_mls4`,`drainage_amount_hrs4`,`drainage_amount4_start`,`drainage_amount4_end`,`additional_days_date5`,`tube_capped5`,`drainage_amount_mls5`,`drainage_amount_hrs5`,`drainage_amount5_start`,`drainage_amount5_end`,`drainage_num`,`drain_characteristics1`,`drain_odour1`,`drain_characteristics2`,`drain_odour2`,`drain_characteristics3`,`drain_odour3`,`drain_characteristics4`,`drain_odour4`,`drain_characteristics5`,`drain_odour5`,`drain_removed`,`drain_removed_date`,`drain_removed_intact`,`discharge_reason`,`drain_exudate`,`drain_exudate_amount`,`drain_site`,`dressing_change_frequency`,`visit_frequency`,`vac_show`,`vac_start_date`,`vac_end_date`,`reading`,`reading_var`,`adjunctive`,`adjunctive_other_text`,`cs_date`,`cs_date_show`,`cs_result`,`cs_show`,`antibiotics`,`treatmentmodalities_show`,`status`) VALUES ('1','0','1','2','4','3','7','3','0','254',NULL,'1097','comments<br>comments','tod other','1','236592061','a:1:{i:0;s:4:\"1099\";}','236592061','1','1','1','3','3','236592061','1','1','1','3','3','236592061','1','1','1','3','3','','0','0','0','0','0','','0','0','0','0','0','3','a:1:{i:0;s:4:\"1558\";}',NULL,'a:1:{i:0;s:4:\"1558\";}',NULL,'a:1:{i:0;s:4:\"1558\";}',NULL,'a:0:{}',NULL,'a:0:{}',NULL,NULL,'','0','0','a:1:{i:0;s:4:\"1559\";}','1383','a:1:{i:0;s:4:\"1129\";}','0','243','0','','','0','0','a:1:{i:0;s:3:\"183\";}',NULL,NULL,'0','a:1:{i:0;s:\"MRSA\";}','1','a:1:{i:0;s:31:\"drug A : 26/7/1977 to 26/7/1977\";}','0','256');
INSERT INTO `assessment_drain` (`id`,`wound_not_assessed`,`active`,`patient_id`,`wound_id`,`assessment_id`,`alpha_id`,`wound_profile_type_id`,`phone_visit`,`priority`,`last_update`,`type_of_drain`,`treatment_comments`,`type_of_drain_other`,`sutured`,`tubes_changed_date`,`peri_drain_area`,`additional_days_date1`,`tube_capped1`,`drainage_amount_mls1`,`drainage_amount_hrs1`,`drainage_amount1_start`,`drainage_amount1_end`,`additional_days_date2`,`tube_capped2`,`drainage_amount_mls2`,`drainage_amount_hrs2`,`drainage_amount2_start`,`drainage_amount2_end`,`additional_days_date3`,`tube_capped3`,`drainage_amount_mls3`,`drainage_amount_hrs3`,`drainage_amount3_start`,`drainage_amount3_end`,`additional_days_date4`,`tube_capped4`,`drainage_amount_mls4`,`drainage_amount_hrs4`,`drainage_amount4_start`,`drainage_amount4_end`,`additional_days_date5`,`tube_capped5`,`drainage_amount_mls5`,`drainage_amount_hrs5`,`drainage_amount5_start`,`drainage_amount5_end`,`drainage_num`,`drain_characteristics1`,`drain_odour1`,`drain_characteristics2`,`drain_odour2`,`drain_characteristics3`,`drain_odour3`,`drain_characteristics4`,`drain_odour4`,`drain_characteristics5`,`drain_odour5`,`drain_removed`,`drain_removed_date`,`drain_removed_intact`,`discharge_reason`,`drain_exudate`,`drain_exudate_amount`,`drain_site`,`dressing_change_frequency`,`visit_frequency`,`vac_show`,`vac_start_date`,`vac_end_date`,`reading`,`reading_var`,`adjunctive`,`adjunctive_other_text`,`cs_date`,`cs_date_show`,`cs_result`,`cs_show`,`antibiotics`,`treatmentmodalities_show`,`status`) VALUES ('2','0','1','2','4','3','8','3','0','254',NULL,'1097','comments<br>comments','tod other','1','236592061','a:1:{i:0;s:4:\"1099\";}','','0','0','0','-1','-1','','0','0','0','0','0','','0','0','0','0','0','','0','0','0','0','0','','0','0','0','0','0','2','a:0:{}',NULL,'a:0:{}',NULL,'a:0:{}',NULL,'a:0:{}',NULL,'a:0:{}',NULL,NULL,'','0','0','a:1:{i:0;s:4:\"1559\";}','1383','a:1:{i:0;s:4:\"1129\";}','0','243','0','','','0','0','a:1:{i:0;s:3:\"183\";}',NULL,NULL,'0','a:0:{}','1','a:1:{i:0;s:31:\"drug A : 26/7/1977 to 26/7/1977\";}','0','256');



INSERT INTO `assessment_eachwound` (`id`,`status`,`patient_id`,`wound_id`,`assessment_id`,`alpha_id`,`wound_profile_type_id`,`phone_visit`,`wound_not_assessed`,`full_assessment`,`pain`,`pain_comments`,`treatment_comments`,`length_cm`,`length_mm`,`width_cm`,`width_mm`,`depth_cm`,`depth_mm`,`sinus_tract_array`,`wound_base`,`wound_base_percentage`,`wound_edge`,`periwound_skin`,`exudate_amount`,`wound_depth`,`exudate_colour`,`exudate_odour`,`dressing_change_frequency`,`priority`,`visit_frequency`,`num_sinus_tracts`,`exudate_type`,`healrate_percent`,`healrate_timestamp`,`discharge_reason`,`active`,`num_undermining`,`undermining_array`,`discharge_other`,`recurrent`,`wound_date`,`vac_show`,`vac_start_date`,`vac_end_date`,`reading`,`reading_var`,`adjunctive`,`adjunctive_other_text`,`closed_date`,`last_update`,`num_fistulas`,`fistulas`,`cs_date`,`cs_date_show`,`cs_result`,`cs_show`,`antibiotics`,`treatmentmodalities_show`) VALUES ('1','256','2','2','5','1','1','0','0','0','1114','','comments<br>comments','1','1','1','1','1','1','a:1:{i:0;a:4:{s:17:\"sinus_tract_depth\";s:1:\"1\";s:22:\"sinus_tract_depth_mini\";s:1:\"1\";s:17:\"sinus_tract_start\";s:1:\"1\";s:15:\"sinus_tract_end\";s:1:\"0\";}}','a:1:{i:0;s:8:\"Hematoma\";}','a:2:{s:29:\"hematoma\";s:3:\"100\"}','a:1:{i:0;s:3:\"436\";}','a:1:{i:0;s:3:\"746\";}','225','null','a:1:{i:0;s:0:\"\";}','0','0','254','0','1','a:1:{i:0;s:3:\"222\";}','1','1208982134','0','1','1','a:1:{i:0;a:4:{s:17:\"undermining_depth\";s:1:\"1\";s:22:\"undermining_depth_mini\";s:1:\"1\";s:17:\"undermining_start\";s:1:\"1\";s:15:\"undermining_end\";s:1:\"1\";}}',NULL,'1','236592061','0','','','0','0','a:0:{}',NULL,'',NULL,'0','',NULL,'0','a:0:{}','0','a:0:{}','0');
INSERT INTO `assessment_eachwound` (`id`,`status`,`patient_id`,`wound_id`,`assessment_id`,`alpha_id`,`wound_profile_type_id`,`phone_visit`,`wound_not_assessed`,`full_assessment`,`pain`,`pain_comments`,`treatment_comments`,`length_cm`,`length_mm`,`width_cm`,`width_mm`,`depth_cm`,`depth_mm`,`sinus_tract_array`,`wound_base`,`wound_base_percentage`,`wound_edge`,`periwound_skin`,`exudate_amount`,`wound_depth`,`exudate_colour`,`exudate_odour`,`dressing_change_frequency`,`priority`,`visit_frequency`,`num_sinus_tracts`,`exudate_type`,`healrate_percent`,`healrate_timestamp`,`discharge_reason`,`active`,`num_undermining`,`undermining_array`,`discharge_other`,`recurrent`,`wound_date`,`vac_show`,`vac_start_date`,`vac_end_date`,`reading`,`reading_var`,`adjunctive`,`adjunctive_other_text`,`closed_date`,`last_update`,`num_fistulas`,`fistulas`,`cs_date`,`cs_date_show`,`cs_result`,`cs_show`,`antibiotics`,`treatmentmodalities_show`) VALUES ('2','256','2','2','6','1','1','0','0','0','0','',NULL,'0','0','0','0','0','0','a:0:{}','a:0:{}','a:0:{}','a:0:{}','a:0:{}','0','null','a:1:{i:0;s:0:\"\";}','-1',NULL,'0',NULL,'0','a:0:{}','0','1208982153','0',NULL,'0','a:0:{}',NULL,'0','','0','','','0','0','','','',NULL,'0','',NULL,'0',NULL,NULL,NULL,NULL);


INSERT INTO `assessment_incision` (`id`,`wound_not_assessed`,`status`,`patient_id`,`wound_id`,`assessment_id`,`alpha_id`,`phone_visit`,`wound_profile_type_id`,`priority`,`date_surgery`,`treatment_comments`,`clinical_path`,`clinical_path_date`,`discharge_reason`,`active`,`discharge_other`,`last_update`,`closed_date`,`pain`,`pain_comments`,`incision_status`,`incision_exudate`,`peri_incisional`,`surgery_date`,`postop_day`,`incision_closure_methods`,`exudate_amount`,`dressing_change_frequency`,`visit_frequency`,`vac_show`,`vac_start_date`,`vac_end_date`,`reading`,`reading_var`,`adjunctive`,`adjunctive_other_text`,`cs_date`,`cs_date_show`,`cs_result`,`cs_show`,`antibiotics`,`treatmentmodalities_show`,`postop_management`,`postop_days`) VALUES ('1','0','256','2','4','4','9','0','4','0',NULL,'comments<br>comments','0','236592061','0','1',NULL,NULL,'','1114','','1095','a:1:{i:0;s:4:\"1085\";}','a:0:{}',NULL,NULL,'a:1:{i:0;s:4:\"1126\";}','1128','0','0','0','','','0','0','a:1:{i:0;s:3:\"183\";}',NULL,NULL,NULL,'a:1:{i:0;s:\"MRSA\";}','1','a:1:{i:0;s:31:\"drug A : 26/7/1977 to 26/7/1977\";}','0','a:0:{}','11254');

INSERT INTO `assessment_ostomy` (`id`,`active`,`patient_id`,`wound_id`,`assessment_id`,`alpha_id`,`wound_profile_type_id`,`phone_visit`,`full_assessment`,`wound_not_assessed`,`date_surgery`,`treatment_comments`,`clinical_path`,`clinical_path_date`,`flange_pouch`,`flange_pouch_comments`,`shape`,`pouching`,`appearance`,`contour`,`urine_type`,`urine_colour`,`urine_quantity`,`stool_colour`,`stool_consistency`,`stool_quantity`,`nutritional_status_other`,`self_care_progress`,`self_care_progress_comments`,`profile`,`mucocutaneous_margin`,`mucocutaneous_margin_num`,`mucocutaneous_margin_array`,`mucocutaneous_margin_comments`,`perifistula_skin`,`mucous_fistula_present`,`devices`,`periostomy_skin`,`priority`,`status`,`discharge_reason`,`discharge_other`,`last_update`,`closed_date`,`dressing_change_frequency`,`visit_frequency`,`vac_show`,`vac_start_date`,`vac_end_date`,`reading`,`reading_var`,`adjunctive`,`adjunctive_other_text`,`cs_date`,`cs_date_show`,`cs_result`,`cs_show`,`antibiotics`,`treatmentmodalities_show`,`construction`,`drainage`,`drainage_comments`,`nutritional_status`,`circumference_mm`,`length_mm`,`width_mm`,`postop_days`) VALUES ('1','1','2','3','1','6','2','0','0','0',NULL,'comments<br>comments','0','236592061','1043','fpc','1158','a:1:{i:0;s:4:\"1542\";}','a:1:{i:0;s:4:\"1355\";}','a:1:{i:0;s:4:\"1021\";}','a:1:{i:0;s:4:\"1596\";}','a:1:{i:0;s:4:\"1026\";}','1028','a:0:{}','a:0:{}','0','Nutritional Status Other','a:1:{i:0;s:4:\"1017\";}','scpc','a:1:{i:0;s:4:\"1476\";}','a:1:{i:0;s:4:\"1395\";}','1','a:1:{i:0;a:4:{s:17:\"mucocutaneous_margin_depth\";s:1:\"3\";s:22:\"mucocutaneous_margin_depth_mini\";s:1:\"3\";s:17:\"mucocutaneous_margin_start\";s:1:\"3\";s:15:\"mucocutaneous_margin_end\";s:1:\"3\";}}','mucocutaneous margin comments','a:1:{i:0;s:4:\"1379\";}','1','1541','a:1:{i:0;s:4:\"1023\";}','254','256','0',NULL,NULL,'','0','0','0','','','0','0','a:0:{}',NULL,'','0','a:1:{i:0;s:\"MRSA\";}','1','a:1:{i:0;s:31:\"drug A : 26/7/1977 to 26/7/1977\";}','0','1369','a:1:{i:0;s:4:\"1374\";}','testing 1 2 3','1486','2','3','4','11254');
INSERT INTO `assessment_ostomy` (`id`,`active`,`patient_id`,`wound_id`,`assessment_id`,`alpha_id`,`wound_profile_type_id`,`phone_visit`,`full_assessment`,`wound_not_assessed`,`date_surgery`,`treatment_comments`,`clinical_path`,`clinical_path_date`,`flange_pouch`,`flange_pouch_comments`,`shape`,`pouching`,`appearance`,`contour`,`urine_type`,`urine_colour`,`urine_quantity`,`stool_colour`,`stool_consistency`,`stool_quantity`,`nutritional_status_other`,`self_care_progress`,`self_care_progress_comments`,`profile`,`mucocutaneous_margin`,`mucocutaneous_margin_num`,`mucocutaneous_margin_array`,`mucocutaneous_margin_comments`,`perifistula_skin`,`mucous_fistula_present`,`devices`,`periostomy_skin`,`priority`,`status`,`discharge_reason`,`discharge_other`,`last_update`,`closed_date`,`dressing_change_frequency`,`visit_frequency`,`vac_show`,`vac_start_date`,`vac_end_date`,`reading`,`reading_var`,`adjunctive`,`adjunctive_other_text`,`cs_date`,`cs_date_show`,`cs_result`,`cs_show`,`antibiotics`,`treatmentmodalities_show`,`construction`,`drainage`,`drainage_comments`,`nutritional_status`,`circumference_mm`,`length_mm`,`width_mm`,`postop_days`) VALUES ('2','1','2','3','2','6','2','0','0','0',NULL,'comments','0','236592061','1043','fpc','1158','a:1:{i:0;s:4:\"1542\";}','a:1:{i:0;s:4:\"1355\";}','a:1:{i:0;s:4:\"1021\";}','a:1:{i:0;s:4:\"1596\";}','a:1:{i:0;s:4:\"1026\";}','1028','a:0:{}','a:0:{}','0','Nutritional Status Other','a:1:{i:0;s:4:\"1017\";}','scpc','a:1:{i:0;s:4:\"1476\";}','a:1:{i:0;s:4:\"1395\";}','1','a:1:{i:0;a:4:{s:17:\"mucocutaneous_margin_depth\";s:1:\"3\";s:22:\"mucocutaneous_margin_depth_mini\";s:1:\"3\";s:17:\"mucocutaneous_margin_start\";s:1:\"3\";s:15:\"mucocutaneous_margin_end\";s:1:\"3\";}}','mucocutaneous margin comments','a:1:{i:0;s:4:\"1379\";}','1','1541','a:1:{i:0;s:4:\"1023\";}','0','256','0',NULL,NULL,'','0','0','0','','','0','0','a:0:{}',NULL,'','0','a:0:{}','0','a:0:{}','0','1369','a:1:{i:0;s:4:\"1374\";}','testing 1 2 3','1486','2','3','4','11254');

INSERT INTO `assessment_product` (`id`,`active`,`patient_id`,`wound_id`,`assessment_id`,`wound_assessment_id`,`ostomy_assessment_id`,`incision_assessment_id`,`drain_assessment_id`,`alpha_id`,`product_id`,`quantity`,`other`) VALUES ('2','1','2','3','1',NULL,'1',NULL,NULL,'6','715','1','');
INSERT INTO `assessment_product` (`id`,`active`,`patient_id`,`wound_id`,`assessment_id`,`wound_assessment_id`,`ostomy_assessment_id`,`incision_assessment_id`,`drain_assessment_id`,`alpha_id`,`product_id`,`quantity`,`other`) VALUES ('3','1','2','3','2',NULL,'2',NULL,NULL,'6','715','1','');
INSERT INTO `assessment_product` (`id`,`active`,`patient_id`,`wound_id`,`assessment_id`,`wound_assessment_id`,`ostomy_assessment_id`,`incision_assessment_id`,`drain_assessment_id`,`alpha_id`,`product_id`,`quantity`,`other`) VALUES ('5','1','2','4','3',NULL,NULL,NULL,'1','7','715','1','');
INSERT INTO `assessment_product` (`id`,`active`,`patient_id`,`wound_id`,`assessment_id`,`wound_assessment_id`,`ostomy_assessment_id`,`incision_assessment_id`,`drain_assessment_id`,`alpha_id`,`product_id`,`quantity`,`other`) VALUES ('6','1','2','4','4',NULL,NULL,'1',NULL,'9','715','1','');
INSERT INTO `assessment_product` (`id`,`active`,`patient_id`,`wound_id`,`assessment_id`,`wound_assessment_id`,`ostomy_assessment_id`,`incision_assessment_id`,`drain_assessment_id`,`alpha_id`,`product_id`,`quantity`,`other`) VALUES ('7','1','2','2','5','1',NULL,NULL,NULL,'1','715','1','');
INSERT INTO `assessment_product` (`id`,`active`,`patient_id`,`wound_id`,`assessment_id`,`wound_assessment_id`,`ostomy_assessment_id`,`incision_assessment_id`,`drain_assessment_id`,`alpha_id`,`product_id`,`quantity`,`other`) VALUES ('8','1','2','2','5','1',NULL,NULL,NULL,'1','575','1','');


INSERT INTO `foot_assessment` (`id`,`active`,`patient_id`,`foot_assessment_show`,`foot_show`,`left_foot_deformities`,`left_foot_skin`,`left_foot_toes`,`right_foot_deformities`,`right_foot_skin`,`right_foot_toes`,`mobility_assessment_show`,`weight_bearing`,`balance`,`calf_muscle_pump`,`mobility_aids`,`calf_muscle_comments`,`mobility_aids_comments`,`gait_pattern_comments`,`walking_distance_comments`,`walking_endurance_comments`,`footwear_assessment_show`,`indoor_footwear`,`outdoor_footwear`,`indoor_footwear_comments`,`outdoor_footwear_comments`,`orthotics`,`orthotics_comments`,`functional_assessment_show`,`muscle_tone_functional`,`arches_foot_structure`,`supination_foot_structure`,`pronation_foot_structure`,`dorsiflexion_active`,`dorsiflexion_passive`,`plantarflexion_active`,`plantarflexion_passive`,`greattoe_active`,`greattoe_passive`,`professional_id`,`last_update`,`user_signature`) VALUES ('1','1','2','0','0','a:0:{}','a:0:{}','a:0:{}','a:0:{}','a:0:{}','a:0:{}','0','0','0','0','','','','','','','0','0','0','','','0','','0','0','0','0','0','0','0','0','0','0','0','7','1207082048','1318h 1/Apr/2008 - WOCN:ID#:7 WU');
INSERT INTO `foot_assessment` (`id`,`active`,`patient_id`,`foot_assessment_show`,`foot_show`,`left_foot_deformities`,`left_foot_skin`,`left_foot_toes`,`right_foot_deformities`,`right_foot_skin`,`right_foot_toes`,`mobility_assessment_show`,`weight_bearing`,`balance`,`calf_muscle_pump`,`mobility_aids`,`calf_muscle_comments`,`mobility_aids_comments`,`gait_pattern_comments`,`walking_distance_comments`,`walking_endurance_comments`,`footwear_assessment_show`,`indoor_footwear`,`outdoor_footwear`,`indoor_footwear_comments`,`outdoor_footwear_comments`,`orthotics`,`orthotics_comments`,`functional_assessment_show`,`muscle_tone_functional`,`arches_foot_structure`,`supination_foot_structure`,`pronation_foot_structure`,`dorsiflexion_active`,`dorsiflexion_passive`,`plantarflexion_active`,`plantarflexion_passive`,`greattoe_active`,`greattoe_passive`,`professional_id`,`last_update`,`user_signature`) VALUES ('2','1','2','1','1','a:1:{i:0;s:4:\"1137\";}','a:1:{i:0;s:4:\"1138\";}','a:1:{i:0;s:4:\"1139\";}','a:1:{i:0;s:4:\"1137\";}','a:1:{i:0;s:4:\"1138\";}','a:1:{i:0;s:4:\"1139\";}','1','1225','1227','1229','1233','test','test','test','test','test','1','1','1','testers','testers','1','testers','1','1240','1244','1','1','1147','1247','1147','1247','1147','1247','7','1207082048','1318h 1/Apr/2008 - WOCN:ID#:7 WU');
INSERT INTO `foot_assessment` (`id`,`active`,`patient_id`,`foot_assessment_show`,`foot_show`,`left_foot_deformities`,`left_foot_skin`,`left_foot_toes`,`right_foot_deformities`,`right_foot_skin`,`right_foot_toes`,`mobility_assessment_show`,`weight_bearing`,`balance`,`calf_muscle_pump`,`mobility_aids`,`calf_muscle_comments`,`mobility_aids_comments`,`gait_pattern_comments`,`walking_distance_comments`,`walking_endurance_comments`,`footwear_assessment_show`,`indoor_footwear`,`outdoor_footwear`,`indoor_footwear_comments`,`outdoor_footwear_comments`,`orthotics`,`orthotics_comments`,`functional_assessment_show`,`muscle_tone_functional`,`arches_foot_structure`,`supination_foot_structure`,`pronation_foot_structure`,`dorsiflexion_active`,`dorsiflexion_passive`,`plantarflexion_active`,`plantarflexion_passive`,`greattoe_active`,`greattoe_passive`,`professional_id`,`last_update`,`user_signature`) VALUES ('3','0','2','1','1','a:1:{i:0;s:4:\"1137\";}','a:1:{i:0;s:4:\"1138\";}','a:1:{i:0;s:4:\"1139\";}','a:1:{i:0;s:4:\"1137\";}','a:1:{i:0;s:4:\"1138\";}','a:1:{i:0;s:4:\"1139\";}','1','1225','1227','1229','1233','test','test','test','test','test','1','1','1','testers','testers','1','testers','1','1240','1244','1','1','1147','1247','1147','1247','1147','1247','7','1207082048','1322h 1/Apr/2008 - WOCN:ID#:7 WU');



INSERT INTO `limb_assessment` (`id`,`active`,`patient_id`,`limb_show`,`missing_limbs_show`,`left_missing_limbs`,`right_missing_limbs`,`pain_assessment_show`,`left_pain_assessment`,`right_pain_assessment`,`pain_comments`,`skin_assessment_show`,`left_skin_assessment`,`right_skin_assessment`,`skin_temperature_assessment_show`,`left_temperature_leg`,`right_temperature_leg`,`left_temperature_foot`,`right_temperature_foot`,`left_temperature_toes`,`right_temperature_toes`,`skin_colour_assessment_show`,`left_skin_colour_leg`,`right_skin_colour_leg`,`left_skin_colour_foot`,`right_skin_colour_foot`,`left_skin_colour_toes`,`right_skin_colour_toes`,`circulation_assessment_show`,`left_palpation_lab`,`right_palpation_lab`,`left_dorsalis_pedis_palpation`,`right_dorsalis_pedis_palpation`,`left_posterior_tibial_palpation`,`right_posterior_tibial_palpation`,`doppler_lab`,`left_dorsalis_pedis_doppler`,`right_dorsalis_pedis_doppler`,`left_posterior_tibial_doppler`,`right_posterior_tibial_doppler`,`left_interdigitial_doppler`,`right_interdigitial_doppler`,`ankle_brachial_lab`,`ankle_brachial_date`,`left_tibial_pedis_ankle_brachial`,`right_tibial_pedis_ankle_brachial`,`left_dorsalis_pedis_ankle_brachial`,`right_dorsalis_pedis_ankle_brachial`,`left_ankle_brachial`,`right_ankle_brachial`,`toe_brachial_lab`,`toe_brachial_date`,`left_toe_pressure`,`right_toe_pressure`,`left_brachial_pressure`,`right_brachial_pressure`,`transcutaneous_lab`,`transcutaneous_date`,`left_transcutaneous_pressure`,`right_transcutaneous_pressure`,`edema_assessment_show`,`left_edema_severity`,`right_edema_severity`,`left_edema_location`,`right_edema_location`,`sleep_positions`,`leg_measurement_show`,`left_ankle_cm`,`left_ankle_mm`,`right_ankle_cm`,`right_ankle_mm`,`left_midcalf_cm`,`left_midcalf_mm`,`right_midcalf_cm`,`right_midcalf_mm`,`sensation_assessment_show`,`left_sensation`,`right_sensation`,`left_score_sensation`,`right_score_sensation`,`left_sensory`,`left_proprioception`,`right_sensory`,`right_proprioception`,`user_signature`,`last_update`,`professional_id`,`left_less_capillary`,`right_less_capillary`,`left_more_capillary`,`right_more_capillary`) VALUES ('1','1','2','0','0','a:0:{}','a:0:{}','0','a:0:{}','a:0:{}','','0','a:0:{}','a:0:{}','0','0','0','0','0','0','0','0','0','0','0','0','0','0','0','0','0','0','0','0','0','0','a:0:{}','a:0:{}','a:0:{}','a:0:{}','a:0:{}','a:0:{}','0','','','','','','','','0','','','','','','0','','0','0','0','0','0','0','0','','0','0','0','0','0','0','0','0','0','0','a:0:{}','a:0:{}','','','a:0:{}','0','a:0:{}','0','1318h 1/Apr/2008 - WOCN:ID#:7 WU','1207082048','7','0','0','0','0');
INSERT INTO `limb_assessment` (`id`,`active`,`patient_id`,`limb_show`,`missing_limbs_show`,`left_missing_limbs`,`right_missing_limbs`,`pain_assessment_show`,`left_pain_assessment`,`right_pain_assessment`,`pain_comments`,`skin_assessment_show`,`left_skin_assessment`,`right_skin_assessment`,`skin_temperature_assessment_show`,`left_temperature_leg`,`right_temperature_leg`,`left_temperature_foot`,`right_temperature_foot`,`left_temperature_toes`,`right_temperature_toes`,`skin_colour_assessment_show`,`left_skin_colour_leg`,`right_skin_colour_leg`,`left_skin_colour_foot`,`right_skin_colour_foot`,`left_skin_colour_toes`,`right_skin_colour_toes`,`circulation_assessment_show`,`left_palpation_lab`,`right_palpation_lab`,`left_dorsalis_pedis_palpation`,`right_dorsalis_pedis_palpation`,`left_posterior_tibial_palpation`,`right_posterior_tibial_palpation`,`doppler_lab`,`left_dorsalis_pedis_doppler`,`right_dorsalis_pedis_doppler`,`left_posterior_tibial_doppler`,`right_posterior_tibial_doppler`,`left_interdigitial_doppler`,`right_interdigitial_doppler`,`ankle_brachial_lab`,`ankle_brachial_date`,`left_tibial_pedis_ankle_brachial`,`right_tibial_pedis_ankle_brachial`,`left_dorsalis_pedis_ankle_brachial`,`right_dorsalis_pedis_ankle_brachial`,`left_ankle_brachial`,`right_ankle_brachial`,`toe_brachial_lab`,`toe_brachial_date`,`left_toe_pressure`,`right_toe_pressure`,`left_brachial_pressure`,`right_brachial_pressure`,`transcutaneous_lab`,`transcutaneous_date`,`left_transcutaneous_pressure`,`right_transcutaneous_pressure`,`edema_assessment_show`,`left_edema_severity`,`right_edema_severity`,`left_edema_location`,`right_edema_location`,`sleep_positions`,`leg_measurement_show`,`left_ankle_cm`,`left_ankle_mm`,`right_ankle_cm`,`right_ankle_mm`,`left_midcalf_cm`,`left_midcalf_mm`,`right_midcalf_cm`,`right_midcalf_mm`,`sensation_assessment_show`,`left_sensation`,`right_sensation`,`left_score_sensation`,`right_score_sensation`,`left_sensory`,`left_proprioception`,`right_sensory`,`right_proprioception`,`user_signature`,`last_update`,`professional_id`,`left_less_capillary`,`right_less_capillary`,`left_more_capillary`,`right_more_capillary`) VALUES ('2','1','2','1','1','a:1:{i:0;s:4:\"1319\";}','a:1:{i:0;s:4:\"1319\";}','1','a:1:{i:0;s:4:\"1309\";}','a:1:{i:0;s:4:\"1309\";}','Comment','1','a:1:{i:0;s:4:\"1310\";}','a:1:{i:0;s:4:\"1310\";}','1','202','202','202','202','202','202','1','405','405','405','405','405','405','1','1148','1148','429','429','429','429','1148','a:1:{i:0;s:3:\"427\";}','a:1:{i:0;s:3:\"427\";}','a:1:{i:0;s:3:\"427\";}','a:1:{i:0;s:3:\"427\";}','a:1:{i:0;s:3:\"427\";}','a:1:{i:0;s:3:\"427\";}','1148','239184061','1','1','1','1','1','1','1148','239184061','1','1','1','1','1148','239184061','1263','1263','1','212','212','421','421','up','1','1','1','1','1','2','2','2','2','1','a:1:{i:0;s:4:\"1150\";}','a:1:{i:0;s:4:\"1150\";}','1','1','a:1:{i:0;s:4:\"1191\";}','1197','a:1:{i:0;s:4:\"1191\";}','1197','1318h 1/Apr/2008 - WOCN:ID#:7 WU','1207082048','7','1','1','1','1');
INSERT INTO `limb_assessment` (`id`,`active`,`patient_id`,`limb_show`,`missing_limbs_show`,`left_missing_limbs`,`right_missing_limbs`,`pain_assessment_show`,`left_pain_assessment`,`right_pain_assessment`,`pain_comments`,`skin_assessment_show`,`left_skin_assessment`,`right_skin_assessment`,`skin_temperature_assessment_show`,`left_temperature_leg`,`right_temperature_leg`,`left_temperature_foot`,`right_temperature_foot`,`left_temperature_toes`,`right_temperature_toes`,`skin_colour_assessment_show`,`left_skin_colour_leg`,`right_skin_colour_leg`,`left_skin_colour_foot`,`right_skin_colour_foot`,`left_skin_colour_toes`,`right_skin_colour_toes`,`circulation_assessment_show`,`left_palpation_lab`,`right_palpation_lab`,`left_dorsalis_pedis_palpation`,`right_dorsalis_pedis_palpation`,`left_posterior_tibial_palpation`,`right_posterior_tibial_palpation`,`doppler_lab`,`left_dorsalis_pedis_doppler`,`right_dorsalis_pedis_doppler`,`left_posterior_tibial_doppler`,`right_posterior_tibial_doppler`,`left_interdigitial_doppler`,`right_interdigitial_doppler`,`ankle_brachial_lab`,`ankle_brachial_date`,`left_tibial_pedis_ankle_brachial`,`right_tibial_pedis_ankle_brachial`,`left_dorsalis_pedis_ankle_brachial`,`right_dorsalis_pedis_ankle_brachial`,`left_ankle_brachial`,`right_ankle_brachial`,`toe_brachial_lab`,`toe_brachial_date`,`left_toe_pressure`,`right_toe_pressure`,`left_brachial_pressure`,`right_brachial_pressure`,`transcutaneous_lab`,`transcutaneous_date`,`left_transcutaneous_pressure`,`right_transcutaneous_pressure`,`edema_assessment_show`,`left_edema_severity`,`right_edema_severity`,`left_edema_location`,`right_edema_location`,`sleep_positions`,`leg_measurement_show`,`left_ankle_cm`,`left_ankle_mm`,`right_ankle_cm`,`right_ankle_mm`,`left_midcalf_cm`,`left_midcalf_mm`,`right_midcalf_cm`,`right_midcalf_mm`,`sensation_assessment_show`,`left_sensation`,`right_sensation`,`left_score_sensation`,`right_score_sensation`,`left_sensory`,`left_proprioception`,`right_sensory`,`right_proprioception`,`user_signature`,`last_update`,`professional_id`,`left_less_capillary`,`right_less_capillary`,`left_more_capillary`,`right_more_capillary`) VALUES ('3','0','2','1','1','a:1:{i:0;s:4:\"1319\";}','a:1:{i:0;s:4:\"1319\";}','1','a:1:{i:0;s:4:\"1309\";}','a:1:{i:0;s:4:\"1309\";}','Comment','1','a:1:{i:0;s:4:\"1310\";}','a:1:{i:0;s:4:\"1310\";}','1','202','202','202','202','202','202','1','405','405','405','405','405','405','1','1148','1148','429','429','429','429','1148','a:1:{i:0;s:3:\"427\";}','a:1:{i:0;s:3:\"427\";}','a:1:{i:0;s:3:\"427\";}','a:1:{i:0;s:3:\"427\";}','a:1:{i:0;s:3:\"427\";}','a:1:{i:0;s:3:\"427\";}','1148','239184061','1','1','1','1','1','1','1148','239184061','1','1','1','1','1148','239184061','1263','1263','1','212','212','421','421','up','1','1','1','1','1','2','2','2','2','1','a:1:{i:0;s:4:\"1150\";}','a:1:{i:0;s:4:\"1150\";}','1','1','a:1:{i:0;s:4:\"1191\";}','1197','a:1:{i:0;s:4:\"1191\";}','1197','1322h 1/Apr/2008 - WOCN:ID#:7 WU','1207082048','7','1','1','1','1');

INSERT INTO `nursing_care_plan` (`id`,`patient_id`,`wound_id`,`active`,`professional_id`,`user_signature`,`body`,`time_stamp`,`assessment_id`,`wound_profile_type_id`) VALUES ('1','1','1','1','7','1517h 9/Feb/1970 - null:ID#:7 N/A','ncp','3453453','-1','1');
INSERT INTO `nursing_care_plan` (`id`,`patient_id`,`wound_id`,`active`,`professional_id`,`user_signature`,`body`,`time_stamp`,`assessment_id`,`wound_profile_type_id`) VALUES ('2','2','3','1','7','1320h 1/Apr/2008 - WOCN:ID#:7 WU','nursingcareplan','1207082048','1','2');
INSERT INTO `nursing_care_plan` (`id`,`patient_id`,`wound_id`,`active`,`professional_id`,`user_signature`,`body`,`time_stamp`,`assessment_id`,`wound_profile_type_id`) VALUES ('3','2','4','1','7','1321h 1/Apr/2008 - WOCN:ID#:7 WU','drain ncp','1207082048','3','3');
INSERT INTO `nursing_care_plan` (`id`,`patient_id`,`wound_id`,`active`,`professional_id`,`user_signature`,`body`,`time_stamp`,`assessment_id`,`wound_profile_type_id`) VALUES ('4','2','4','1','7','1321h 1/Apr/2008 - WOCN:ID#:7 WU','incision ncp','1207082048','4','4');
INSERT INTO `nursing_care_plan` (`id`,`patient_id`,`wound_id`,`active`,`professional_id`,`user_signature`,`body`,`time_stamp`,`assessment_id`,`wound_profile_type_id`) VALUES ('5','2','2','1','7','1322h 1/Apr/2008 - WOCN:ID#:7 WU',' ','1207082048','5','1');



INSERT INTO `referrals_tracking` (`id`,`current_flag`,`patient_account_id`,`wound_id`,`wound_profile_type_id`,`entry_type`,`time_stamp`,`top_priority`,`assessment_id`,`professional_id`,`alpha_type`) VALUES ('1','1','5','3','2','0','1207082048','254','1','7','');
INSERT INTO `referrals_tracking` (`id`,`current_flag`,`patient_account_id`,`wound_id`,`wound_profile_type_id`,`entry_type`,`time_stamp`,`top_priority`,`assessment_id`,`professional_id`,`alpha_type`) VALUES ('2','1','5','4','3','0','1207082048','254','3','7','');
INSERT INTO `referrals_tracking` (`id`,`current_flag`,`patient_account_id`,`wound_id`,`wound_profile_type_id`,`entry_type`,`time_stamp`,`top_priority`,`assessment_id`,`professional_id`,`alpha_type`) VALUES ('3','1','5','4','4','0','1207082048',NULL,'4','7','');
INSERT INTO `referrals_tracking` (`id`,`current_flag`,`patient_account_id`,`wound_id`,`wound_profile_type_id`,`entry_type`,`time_stamp`,`top_priority`,`assessment_id`,`professional_id`,`alpha_type`) VALUES ('4','1','5','2','1','0','1207082048','254','5','7','');


