
LOCK TABLES `trigger_criteria` WRITE;
/*!40000 ALTER TABLE `trigger_criteria` DISABLE KEYS */;
INSERT INTO `trigger_criteria` (`trigger_criteria_id`, `trigger_id`, `match_type`, `criteria_type`, `criteria`, `component_id`, `description`) VALUES (85,41,'=','lookup','801',100,''),(86,41,'=','lookup','1673',100,''),(87,41,'=','lookup','1674',100,''),(89,41,'=','lookup','852',100,''),(91,41,'=','lookup','135',100,''),(92,41,'=','lookup','798',100,''),(93,41,'=','lookup','3386',100,''),(94,41,'=','lookup','142',100,''),(95,41,'=','lookup','1273',100,''),(96,41,'=','lookup','1274',100,''),(97,41,'=','lookup','1275',100,''),(99,41,'=','lookup','1276',100,''),(101,41,'=','lookup','1627',100,''),(103,41,'=','lookup','1302',100,''),(105,41,'=','lookup','404',100,''),(106,41,'=','lookup','318',100,''),(108,41,'=','lookup','1082',103,''),(109,41,'=','lookup','3424',103,''),(110,41,'=','lookup','759',19,''),(112,41,'=','lookup','761',19,''),(113,41,'=','lookup','889',19,''),(114,41,'=','lookup','756',19,''),(115,41,'=','lookup','747',19,''),(116,41,'=','lookup','757',19,''),(117,41,'=','lookup','755',19,''),(118,41,'=','lookup','856',19,''),(119,41,'=','lookup','1272',19,''),(120,41,'=','lookup','753',19,''),(121,41,'=','lookup','1296',19,''),(122,41,'=','lookup','863',19,''),(123,41,'=','lookup','752',19,''),(124,41,'=','lookup','746',19,''),(125,41,'=','lookup','749',19,''),(127,41,'=','lookup','760',19,''),(128,41,'=','lookup','754',19,''),(129,43,'=','lookup','142',100,''),(130,43,'=','lookup','1640',14,''),(133,45,'=','lookup','1640',14,''),(134,45,'=','lookup','746',19,''),(135,46,'=','lookup','142',100,''),(136,46,'=','lookup','486',14,''),(137,46,'=','lookup','864',14,''),(138,46,'=','lookup','482',14,''),(139,46,'=','lookup','1640',14,''),(140,46,'=','lookup','1302',100,''),(141,46,'=','lookup','701',14,''),(142,46,'=','lookup','1081',103,''),(143,46,'=','lookup','1082',103,''),(146,46,'=','lookup','303',16,''),(147,46,'=','lookup','225',16,''),(148,46,'=','lookup','441',18,''),(149,46,'=','lookup','746',19,''),(150,47,'=','lookup','142',100,''),(151,47,'=','lookup','1273',100,''),(152,47,'=','lookup','1081',103,''),(153,47,'=','lookup','1082',103,''),(154,47,'=','lookup','486',14,''),(155,47,'=','lookup','480',14,''),(156,47,'=','lookup','864',14,''),(157,47,'=','lookup','482',14,''),(158,47,'=','lookup','1640',14,''),(159,47,'=','lookup','481',14,''),(160,47,'=','lookup','701',14,''),(161,47,'=','lookup','700',14,''),(165,47,'=','lookup','303',16,''),(166,47,'=','lookup','305',16,''),(167,47,'=','lookup','306',16,''),(168,47,'=','lookup','759',19,''),(169,47,'=','lookup','889',19,''),(170,47,'=','lookup','756',19,''),(171,47,'=','lookup','747',19,''),(172,47,'=','lookup','753',19,''),(173,47,'=','lookup','1296',19,''),(174,47,'=','lookup','746',19,''),(175,47,'=','lookup','746',19,''),(176,47,'=','lookup','754',19,''),(177,48,'=','lookup','801',100,''),(179,48,'=','lookup','1273',100,''),(180,48,'=','lookup','1274',100,''),(181,48,'=','lookup','1627',100,''),(185,48,'=','lookup','1081',103,''),(186,48,'=','lookup','1082',103,''),(187,48,'=','lookup','3424',103,''),(188,48,'=','lookup','486',14,''),(190,48,'=','lookup','864',14,''),(191,48,'=','lookup','482',14,''),(193,48,'=','lookup','483',14,''),(194,48,'=','lookup','701',14,''),(198,48,'=','lookup','305',16,''),(199,48,'=','lookup','306',16,''),(200,48,'=','lookup','441',18,''),(201,48,'=','lookup','308',18,''),(202,48,'=','lookup','440',18,''),(203,48,'=','lookup','759',19,''),(204,48,'=','lookup','756',19,''),(205,48,'=','lookup','1296',19,''),(206,48,'=','lookup','746',19,''),(207,48,'=','lookup','760',19,''),(209,49,'=','lookup','1081',103,''),(210,49,'=','lookup','1082',103,''),(211,49,'=','lookup','480',14,''),(213,49,'=','lookup','482',14,''),(214,49,'=','lookup','483',14,''),(215,49,'=','lookup','890',14,''),(216,49,'=','lookup','481',14,''),(217,49,'=','lookup','473',14,''),(218,49,'=','lookup','476',14,''),(221,49,'=','lookup','225',16,''),(222,49,'=','lookup','441',18,''),(223,50,'=','lookup','414',100,''),(224,50,'=','lookup','801',100,''),(225,50,'=','lookup','1678',100,''),(226,50,'=','lookup','852',100,''),(227,50,'=','lookup','135',100,''),(228,50,'=','lookup','798',100,''),(229,50,'=','lookup','3386',100,''),(230,50,'=','lookup','1273',100,''),(231,50,'=','lookup','1274',100,''),(232,50,'=','lookup','1275',100,''),(233,50,'=','lookup','1627',100,''),(234,50,'=','lookup','805',100,''),(235,50,'=','lookup','139',100,''),(236,50,'=','lookup','404',100,''),(237,50,'=','lookup','318',100,''),(238,50,'=','lookup','1081',103,''),(239,50,'=','lookup','1082',103,''),(241,50,'=','lookup','3424',103,''),(242,50,'=','lookup','472',14,''),(243,50,'=','lookup','877',14,''),(244,50,'=','lookup','485',14,''),(245,50,'=','lookup','482',14,''),(246,50,'=','lookup','487',14,''),(247,50,'=','lookup','484',14,''),(248,50,'=','lookup','874',14,''),(250,50,'=','lookup','483',14,''),(253,50,'=','lookup','473',14,''),(254,50,'=','lookup','476',14,''),(255,50,'=','lookup','700',14,''),(259,50,'=','lookup','306',16,''),(260,50,'=','lookup','307',16,''),(261,50,'=','lookup','1679',18,''),(262,50,'=','lookup','1303',18,''),(263,50,'=','lookup','758',19,''),(264,50,'=','lookup','757',19,''),(265,50,'=','lookup','755',19,''),(266,50,'=','lookup','856',19,''),(267,50,'=','lookup','1272',19,''),(268,50,'=','lookup','1296',19,''),(269,50,'=','lookup','863',19,''),(270,50,'=','lookup','752',19,''),(271,51,'=','lookup','414',100,''),(272,51,'=','lookup','801',100,''),(273,51,'=','lookup','1678',100,''),(274,51,'=','lookup','852',100,''),(275,51,'=','lookup','135',100,''),(276,51,'=','lookup','798',100,''),(277,51,'=','lookup','3386',100,''),(278,51,'=','lookup','1273',100,''),(279,51,'=','lookup','1274',100,''),(280,51,'=','lookup','1275',100,''),(281,51,'=','lookup','1627',100,''),(282,51,'=','lookup','805',100,''),(283,51,'=','lookup','139',100,''),(284,51,'=','lookup','404',100,''),(285,51,'=','lookup','318',100,''),(286,51,'=','lookup','1081',103,''),(287,51,'=','lookup','1082',103,''),(288,51,'=','lookup','3424',103,''),(289,51,'=','lookup','472',14,''),(291,51,'=','lookup','485',14,''),(292,51,'=','lookup','482',14,''),(293,51,'=','lookup','487',14,''),(294,51,'=','lookup','484',14,''),(295,51,'=','lookup','874',14,''),(296,51,'=','lookup','1641',14,''),(297,51,'=','lookup','483',14,''),(298,51,'=','lookup','489',14,''),(299,51,'=','lookup','701',14,''),(300,51,'=','lookup','473',14,''),(301,51,'=','lookup','476',14,''),(306,51,'=','lookup','305',16,''),(307,51,'=','lookup','306',16,''),(308,51,'=','lookup','1679',18,''),(309,51,'=','lookup','1303',18,''),(310,51,'=','lookup','758',19,''),(311,51,'=','lookup','757',19,''),(313,51,'=','lookup','755',19,''),(314,51,'=','lookup','856',19,''),(315,51,'=','lookup','1272',19,''),(316,51,'=','lookup','1296',19,''),(317,51,'=','lookup','863',19,''),(318,51,'=','lookup','752',19,''),(324,53,'=','lookup','798',100,''),(325,53,'=','lookup','1273',100,''),(326,53,'=','lookup','139',100,''),(327,53,'=','lookup','1081',103,''),(328,53,'=','lookup','1082',103,''),(329,53,'=','lookup','486',14,''),(330,53,'=','lookup','482',14,''),(332,53,'=','lookup','890',14,''),(333,53,'=','lookup','481',14,''),(334,53,'=','lookup','701',14,''),(335,53,'=','lookup','700',14,''),(336,53,'=','lookup','303',16,''),(337,53,'=','lookup','305',16,''),(338,53,'=','lookup','746',19,''),(339,54,'=','lookup','798',100,''),(340,54,'=','lookup','1273',100,''),(342,54,'=','lookup','139',100,''),(343,54,'=','lookup','1081',103,''),(344,54,'=','lookup','1082',103,''),(345,54,'=','lookup','486',14,''),(346,54,'=','lookup','482',14,''),(348,54,'=','lookup','890',14,''),(349,54,'=','lookup','481',14,''),(350,54,'=','lookup','701',14,''),(351,54,'=','lookup','700',14,''),(352,54,'=','lookup','303',16,''),(353,54,'=','lookup','305',16,''),(354,54,'=','lookup','746',19,''),(355,55,'=','lookup','801',100,''),(356,55,'=','lookup','852',100,''),(357,55,'=','lookup','415',100,''),(358,55,'=','lookup','135',100,''),(359,55,'=','lookup','417',100,''),(360,55,'=','lookup','1081',103,''),(361,55,'=','lookup','1082',103,''),(362,55,'=','lookup','3424',103,''),(363,55,'=','lookup','486',14,''),(364,55,'=','lookup','485',14,''),(365,55,'=','lookup','482',14,''),(366,55,'=','lookup','874',14,''),(367,55,'=','lookup','1641',14,''),(370,55,'=','lookup','303',16,''),(371,55,'=','lookup','305',16,''),(372,55,'=','lookup','441',18,''),(374,55,'=','lookup','756',19,''),(375,55,'=','lookup','753',19,''),(376,55,'=','lookup','1296',19,''),(379,55,'=','lookup','754',19,''),(380,56,'=','lookup','1274',100,''),(381,56,'=','lookup','1275',100,''),(382,56,'=','lookup','1276',100,''),(383,56,'=','lookup','805',100,''),(384,56,'=','lookup','139',100,''),(385,56,'=','lookup','404',100,''),(386,56,'=','lookup','318',100,''),(387,56,'=','lookup','1081',103,''),(388,56,'=','lookup','1082',103,''),(389,56,'=','lookup','3424',103,''),(390,56,'=','lookup','306',16,''),(391,56,'=','lookup','307',16,''),(392,56,'=','lookup','1679',18,''),(393,56,'=','lookup','1303',18,''),(394,56,'=','lookup','749',19,''),(395,57,'=','lookup','798',100,''),(396,57,'=','lookup','1274',100,''),(397,57,'=','lookup','1275',100,''),(398,57,'=','lookup','1276',100,''),(400,57,'=','lookup','139',100,''),(401,57,'=','lookup','404',100,''),(402,57,'=','lookup','318',100,''),(403,57,'=','lookup','1081',103,''),(404,57,'=','lookup','1082',103,''),(405,57,'=','lookup','3424',103,''),(406,57,'=','lookup','306',16,''),(407,57,'=','lookup','307',16,''),(408,57,'=','lookup','1679',18,''),(409,57,'=','lookup','1303',18,''),(410,57,'=','lookup','749',19,''),(411,58,'=','lookup','801',100,''),(412,58,'=','lookup','852',100,''),(413,58,'=','lookup','415',100,''),(414,58,'=','lookup','135',100,''),(415,58,'=','lookup','1081',103,''),(416,58,'=','lookup','1082',103,''),(417,58,'=','lookup','3424',103,''),(419,58,'=','lookup','485',14,''),(420,58,'=','lookup','874',14,''),(421,58,'=','lookup','1641',14,''),(422,58,'=','lookup','700',14,''),(423,58,'=','lookup','305',16,''),(424,58,'=','lookup','306',16,''),(425,58,'=','lookup','307',16,''),(426,58,'=','lookup','441',18,''),(427,58,'=','lookup','1679',18,''),(428,58,'=','lookup','759',19,''),(429,58,'=','lookup','756',19,''),(430,58,'=','lookup','753',19,''),(431,58,'=','lookup','1296',19,''),(433,58,'=','lookup','760',19,''),(434,58,'=','lookup','754',19,''),(435,59,'=','lookup','135',100,''),(436,59,'=','lookup','798',100,''),(437,59,'=','lookup','1274',100,''),(438,59,'=','lookup','1275',100,''),(439,59,'=','lookup','1627',100,''),(440,59,'=','lookup','805',100,''),(441,59,'=','lookup','139',100,''),(442,59,'=','lookup','404',100,''),(443,59,'=','lookup','318',100,''),(444,59,'=','lookup','1081',103,''),(445,59,'=','lookup','1082',103,''),(446,59,'=','lookup','3424',103,''),(447,59,'=','lookup','472',14,''),(448,59,'=','lookup','877',14,''),(449,59,'=','lookup','485',14,''),(451,59,'=','lookup','484',14,''),(452,59,'=','lookup','874',14,''),(453,59,'=','lookup','1641',14,''),(454,59,'=','lookup','481',14,''),(455,59,'=','lookup','473',14,''),(456,59,'=','lookup','476',14,''),(457,59,'=','lookup','700',14,''),(460,59,'=','lookup','306',16,''),(461,59,'=','lookup','307',16,''),(462,59,'=','lookup','749',19,''),(463,60,'=','lookup','1081',103,''),(464,60,'=','lookup','483',14,''),(466,60,'=','lookup','305',16,''),(467,60,'=','lookup','306',16,''),(468,60,'=','lookup','441',18,''),(469,60,'=','lookup','746',19,''),(470,61,'=','lookup','404',100,''),(471,61,'=','lookup','1081',103,''),(472,61,'=','lookup','482',14,''),(473,61,'=','lookup','484',14,''),(474,61,'=','lookup','481',14,''),(475,61,'=','lookup','701',14,''),(476,61,'=','lookup','473',14,''),(477,61,'=','lookup','476',14,''),(478,61,'=','lookup','700',14,''),(481,61,'=','lookup','303',16,''),(482,61,'=','lookup','305',16,''),(483,61,'=','lookup','306',16,''),(484,61,'=','lookup','307',16,''),(485,61,'=','lookup','436',18,''),(486,61,'=','lookup','1679',18,''),(487,61,'=','lookup','1303',18,''),(488,61,'=','lookup','308',18,''),(489,61,'=','lookup','440',18,''),(490,61,'=','lookup','761',19,''),(491,61,'=','lookup','747',19,''),(492,61,'=','lookup','757',19,''),(493,62,'=','lookup','404',100,''),(494,62,'=','lookup','318',100,''),(495,62,'=','lookup','1081',103,''),(496,62,'=','lookup','482',14,''),(497,62,'=','lookup','484',14,''),(498,62,'=','lookup','481',14,''),(499,62,'=','lookup','700',14,''),(502,62,'=','lookup','303',16,''),(503,62,'=','lookup','305',16,''),(504,62,'=','lookup','306',16,''),(505,62,'=','lookup','307',16,''),(506,62,'=','lookup','441',18,''),(507,62,'=','lookup','308',18,''),(508,62,'=','lookup','440',18,''),(509,62,'=','lookup','757',19,''),(510,62,'=','lookup','746',19,''),(511,62,'=','lookup','749',19,''),(512,62,'=','lookup','754',19,''),(513,41,'=','lookup','1690',97,''),(514,41,'=','lookup','1691',97,''),(515,41,'=','lookup','735',94,''),(516,64,'=','lookup','3331',810,''),(518,64,'=','lookup','3336',810,''),(519,64,'=','lookup','3332',810,''),(520,64,'=','lookup','3335',810,''),(522,64,'=','lookup','3338',812,''),(524,64,'=','lookup','1691',97,''),(525,64,'=','lookup','1690',97,''),(526,64,'=','lookup','735',94,''),(527,43,'=','lookup','1690',97,''),(528,43,'=','lookup','1691',97,''),(529,65,'=','lookup','1690',97,''),(530,65,'=','lookup','1691',97,''),(531,65,'=','lookup','3333',810,''),(532,65,'=','lookup','3336',810,''),(533,65,'=','lookup','3332',810,''),(535,65,'=','lookup','3338',812,''),(536,65,'=','lookup','3423',812,''),(537,64,'=','lookup','3423',812,''),(538,45,'=','lookup','1690',97,''),(539,45,'=','lookup','527',97,''),(540,45,'=','lookup','1691',97,''),(541,66,'=','lookup','1691',97,''),(542,66,'=','lookup','1690',97,''),(543,66,'=','lookup','527',97,''),(544,66,'=','lookup','3333',810,''),(546,66,'=','lookup','3336',810,''),(547,66,'=','lookup','3332',810,''),(549,66,'=','lookup','3338',812,''),(550,66,'=','lookup','3423',812,''),(551,67,'=','lookup','3332',810,''),(552,67,'=','lookup','3338',812,''),(555,69,'=','lookup','3331',810,''),(556,69,'=','lookup','3336',810,''),(558,69,'=','lookup','3337',812,''),(559,69,'=','lookup','3338',812,''),(560,50,'=','lookup','532',97,''),(561,50,'=','lookup','818',94,''),(562,50,'=','lookup','822',94,''),(563,50,'=','lookup','93',97,''),(564,51,'=','lookup','532',97,''),(565,51,'=','lookup','93',97,''),(566,51,'=','lookup','818',94,''),(572,61,'=','lookup','527',97,''),(573,62,'=','lookup','527',97,''),(578,50,'=','lookup','823',94,''),(579,61,'=','lookup','3452',15,''),(580,61,'=','lookup','3454',15,''),(581,62,'=','lookup','3454',15,''),(582,62,'=','lookup','3452',15,''),(584,46,'=','lookup','3454',15,''),(585,47,'=','lookup','222',15,''),(586,47,'=','lookup','3452',15,''),(587,47,'=','lookup','3454',15,''),(588,48,'=','lookup','3452',15,''),(589,48,'=','lookup','3454',15,''),(590,49,'=','lookup','222',15,''),(591,50,'=','lookup','3450',15,''),(592,50,'=','lookup','3451',15,''),(593,50,'=','lookup','3454',15,''),(594,51,'=','lookup','3450',15,''),(595,51,'=','lookup','3451',15,''),(596,51,'=','lookup','3454',15,''),(597,55,'=','lookup','3454',15,''),(598,55,'=','lookup','3452',15,''),(599,59,'=','lookup','3454',15,''),(600,59,'=','lookup','3452',15,''),(602,60,'=','lookup','3453',15,''),(603,46,'=','lookup','3453',15,'');
/*!40000 ALTER TABLE `trigger_criteria` ENABLE KEYS */;
UNLOCK TABLES;

LOCK TABLES `triggers` WRITE;
/*!40000 ALTER TABLE `triggers` DISABLE KEYS */;
INSERT INTO `triggers` (`trigger_id`, `name`, `description`, `trigger_type`, `wound_type`, `active`, `logic_operator`) VALUES (41,'3M™ Cavilon™ No Sting Barrier Film (Wound)','To be used for ALL WOUNDS on peri wound as barrier protectant and for open skin in incontinence care','product','A',1,'AND'),(43,'3M™ Cavilon™ Durable Barrier Cream (Wound)','','product','A',1,NULL),(45,'3M™ Cavilon™ No-Rinse Skin Cleanser (Wound)','Cavilon Skin Cleansers provide simple, gentle, effective cleansing for\r\nincontinence and other skin care. Formulated to clean, moisturize and\r\nsoothe intact or irritated skin.  NOT to cleanse wounds.','product','A',1,'AND'),(46,'3M™ Tegaderm™ Transparent Film Dressing (Wound)','May be applied as picture frame to secure dressings','product','A',1,NULL),(47,'3M™ Tegaderm™ Hydrocolloid & Hydrocolloid Thin (Wound)','','product','A',1,NULL),(48,'3M™ Tegaderm™ Absorbent Clear Acrylic (Wound)','Extended wear time','product','A',1,'AND'),(49,'3M™ Tegaderm™ Hydrogel Wound Filler','May be used for promotion of debridement ','product','A',1,NULL),(50,'3M™ Tegaderm™ Alginate Ag with Silver','Abscess needs to be incised and drained not intact','product','A',1,'AND'),(51,'3M™ Tegaderm™ Ag Mesh with Silver','','product','A',1,'AND'),(52,'3M™ Kind Removal Silicone Tape','3M Kind Removal Silicone Tape provides reliable securement, kind removal, and gentle wear without compromise. The unique silicone adhesive is repositionable and does not stick to gloves or to itself. Ideal for patients with at-risk skin or sensitive skin.','product','A',1,NULL),(53,'3M™ Medipore™ +Pad Soft Cloth Adhesive','Medipore +Pad soft cloth adhesive wound dressing may be used as a primary or secondary dressing over light to moderately draining wounds','product','A',1,'AND'),(54,'3M™ Tegaderm™ +Pad Film Dressing with Non-Adh','This composite dressing is a sterile, waterproof bacterial barrier which consists of a non-adherent absorbent pad bonded to a larger thin film transparent dressing.\r\n\r\nTegaderm +Pad transparent dressings, with the unique \"picture frame\" delivery system, make it quick and easy to achieve a precise, secure placement of the dressing every time.','product','A',1,'AND'),(55,'3M™ Tegaderm™ Non-Adherent Contact Layer','A woven, nylon fabric with sealed edges that is non-adherent, non-irritating and hypoallergenic. The wound contact material is placed over the wound and under gauze or other absorbent dressing.','product','A',1,'AND'),(56,'3M™ Tegaderm™ Foam Dressing (nonadhesive)','Requires securement with tape','product','A',1,NULL),(57,'3M™ Tegaderm™ High Performance Foam Adhesive','','product','A',1,NULL),(58,'3M™ Tegaderm™ Silicone Foam Border Dressing','','product','A',1,NULL),(59,'3M™ Tegaderm™ High Int & High Gelling Alg','Must not extend onto peri-wound skin.  Can control bleeding','product','A',1,NULL),(60,'3M™ Tegaderm™ Matrix Dressing with PHI','Consider if no change in wound size over 2-4 weeks','product','A',1,NULL),(61,'3M™ Coban™ 2 Layer Compression System','3M Coban 2 Layer Compression System - ABPI 0.8 - 1.2\r\nCan be used if infection associated with wound being clinically treated with antimicrobial or systemic antibiotic.\r\n','product','A',1,'AND'),(62,'3M™ Coban™ 2 Layer Compression Lite System','3M Coban 2 Layer Lite Compression System - ABPI greater than 0.5\r\nCan be used if infection associated with wound being clinically treated with antimicrobial or systemic antibiotic','product','A',1,NULL),(63,'Test','','product','S',1,NULL),(64,'3M™ Cavilon™ No Sting Barrier Film (Skin)','To be used for ALL WOUNDS on peri wound as barrier protectant and for open skin in incontinence care','product','S',1,NULL),(65,'3M™ Cavilon™ Durable Barrier Cream (Skin)','','product','S',1,'AND'),(66,'3M™ Cavilon™ No-Rinse Skin Cleanser (Skin)','Cavilon Skin Cleansers provide simple, gentle, effective cleansing for\r\nincontinence and other skin care. Formulated to clean, moisturize and\r\nsoothe intact or irritated skin.  NOT to cleanse wounds.','product','S',1,'AND'),(67,'3M™ Tegaderm™ Transparent Film Dressing (Skin)','May be applied as picture frame to secure dressings','product','S',1,NULL),(69,'3M™ Tegaderm™ Absorbent Clear Acrylic (Skin)','','product','S',1,'AND');
/*!40000 ALTER TABLE `triggers` ENABLE KEYS */;
UNLOCK TABLES;

LOCK TABLES `trigger_products` WRITE;
/*!40000 ALTER TABLE `trigger_products` DISABLE KEYS */;
INSERT INTO `trigger_products` (`trigger_product_id`, `trigger_id`, `product_id`) VALUES (206,52,1997),(207,52,1995),(208,52,1998),(209,52,1996),(210,53,1999),(211,53,2004),(212,53,2005),(213,53,2002),(214,53,2000),(215,53,2001),(216,53,2003),(217,54,2015),(218,54,2011),(219,54,2012),(220,54,2013),(221,54,2014),(222,54,2016),(223,54,2017),(224,54,2018),(225,54,2019),(226,55,2007),(227,55,2009),(228,55,2008),(236,56,2021),(237,56,2026),(238,56,2022),(239,56,2023),(240,56,2020),(241,56,2024),(242,56,2025),(245,58,1917),(246,58,1918),(247,59,2044),(248,59,2045),(249,59,2046),(250,59,2047),(251,59,2048),(252,60,2050),(253,60,2049),(257,61,2051),(258,61,2053),(259,62,2052),(260,63,1991),(261,63,1955),(284,46,2054),(285,46,2055),(286,46,2056),(287,46,2061),(288,46,2058),(289,46,2059),(290,46,2060),(291,67,2054),(292,67,2055),(293,67,2056),(294,67,2061),(295,67,2058),(296,67,2059),(297,67,2060),(307,47,2065),(308,47,2066),(309,47,2067),(310,47,2068),(322,69,2071),(323,69,2072),(324,69,2073),(325,69,2069),(326,69,2074),(327,69,2070),(328,51,2080),(329,51,2081),(330,51,2082),(331,51,2083),(332,41,2097),(333,41,2098),(334,41,2100),(335,64,2097),(336,64,2098),(337,64,2100),(338,43,2084),(339,43,2085),(340,43,2086),(341,65,2084),(342,65,2085),(343,65,2086),(344,66,2105),(345,45,2105),(346,48,2071),(347,48,2072),(348,48,2073),(349,48,2069),(350,48,2074),(351,48,2070),(356,49,2106);
/*!40000 ALTER TABLE `trigger_products` ENABLE KEYS */;
UNLOCK TABLES;

LOCK TABLES `library` WRITE;
/*!40000 ALTER TABLE `library` DISABLE KEYS */;
INSERT INTO `library` (`id`, `name`, `pdf`, `orderby`, `category_id`, `url`, `media_type`) VALUES (30,'Cavilon Durable Barrier Cream Incontinence Skin Care','1424108346.pdf',1,5,NULL,'pdf'),(31,'Cavilon Durable Barrier Cream','1424108396.pdf',1,5,NULL,'pdf'),(33,'Cavilon No Sting Barrier Film','1424108485.pdf',1,5,NULL,'pdf'),(34,'Coban Self-Adherent Wrap','1424108535.pdf',1,5,NULL,'pdf'),(35,'Medipore +Pad','1424108587.pdf',1,5,NULL,'pdf'),(36,'Medipore Soft Cloth Products','1424108618.pdf',1,5,NULL,'pdf'),(37,'Steri-Strip Skin Closures','1424108659.pdf',1,5,NULL,'pdf'),(38,'Tegaderm +Pad Film Dressing with Non-Adherent Pad','1424108712.pdf',1,5,NULL,'pdf'),(39,'Tegaderm Absorbent Clear Acrylic Dressing Oval & Square','1424108750.pdf',1,5,NULL,'pdf'),(40,'Tegaderm Abosorbent Clear Acrylic Dressing','1424108790.pdf',1,5,NULL,'pdf'),(41,'Tegaderm Ag Mesh with Silver','1424108846.pdf',1,5,NULL,'pdf'),(42,'Tegaderm Alginate High Integrity and High Gelling','1424109081.pdf',1,5,NULL,'pdf'),(43,'Tegaderm Contact Non-Adherent Contact Layer','1424109131.pdf',1,5,NULL,'pdf'),(44,'Tegaderm Foam Adhesive High Performance','1424109178.pdf',1,5,NULL,'pdf'),(45,'Tegaderm Foam Dressing (nonadhesive)','1424110286.pdf',1,5,NULL,'pdf'),(46,'Tegaderm High Performance Foam Non-Adhesive Dressing','1424110359.pdf',1,5,NULL,'pdf'),(47,'Tegaderm Matrix Dressings','1424110412.pdf',1,5,NULL,'pdf'),(48,'Tegaderm Silicone Foam Border Dressing','1424114068.pdf',1,5,NULL,'pdf'),(49,'Tegaderm Superabsorber Dressing','1424114093.pdf',1,5,NULL,'pdf'),(50,'Tegaderm Transparent Dressings','1424114119.pdf',1,5,NULL,'pdf'),(51,'3M Wound Cleanser','1424114153.pdf',1,5,NULL,'pdf'),(52,'Tegaderm Clear Acrylic Sacral Dressing URL',NULL,1,5,'https://www.youtube.com/watch?v=tDLZB0RSSaQ','url'),(53,'Tegaderm Foam Dressing (nonadhesive) URL',NULL,1,5,'https://www.youtube.com/watch?v=8G2xRAse_Yg','url'),(54,'Tegaderm Ag Mesh Dressing with Silver URL',NULL,1,5,'https://www.youtube.com/watch?v=Ikag5sdNnZ0','url'),(55,'Tegaderm +Pad Film Dressing with Non-Adherent Pad URL',NULL,1,5,'https://www.youtube.com/watch?v=w6B1pobVfGs','url'),(56,'Tegaderm Hydrocolloid Dressing URL','1424114638.pdf',1,5,NULL,'pdf'),(57,'Tegaderm Hydrocolloid Dressing','1424119772.pdf',1,5,NULL,'pdf'),(58,'License Agreement','1426009743.pdf',15,6,NULL,'pdf'),(63,'3M™ Cavilon™ Durable Barrier Cream Application Card','1426103556.pdf',1,8,NULL,'pdf'),(64,'3M™ Cavilon™ No-Rinse Skin Cleanser Application Card','1426103588.pdf',1,8,NULL,'pdf'),(65,'3M™ Coban™ 2 Layer Compression System Application and Removal Techniques Brochure','1426103630.pdf',1,8,NULL,'pdf'),(66,'3M™ Tegaderm™ Absorbent Clear Acrylic Dressing Application and Removal Techniques Brochure','1426103694.pdf',1,8,NULL,'pdf'),(67,'3M™ Tegaderm™ Alginate Dressings Application and Removal Techniques Brochure','1426103740.pdf',1,8,NULL,'pdf'),(68,'3M™ Tegaderm™ High Performance Adhesive Foam Dressing Application and Removal Card','1426103790.pdf',1,8,NULL,'pdf'),(69,'3M™ Tegaderm™ Hydrocolloid Dressing Application and Removal Card','1426103833.pdf',1,8,NULL,'pdf'),(70,'3M™ Tegaderm™ Hydrogel Wound Filler Application Card','1426103864.pdf',1,8,NULL,'pdf'),(71,'3M™ Cavilon™ Skin Care IAD Brochure','1426104034.pdf',1,9,NULL,'pdf'),(72,'3M™ Coban™ 2 Layer Compression System Product Profile','1426104083.pdf',1,9,NULL,'pdf'),(73,'3M™ Tegaderm™ Absorbent Clear Acrylic Dressing Change Postcard','1426104129.pdf',1,9,NULL,'pdf'),(74,'3M™ Tegaderm™ Absorbent Clear Acrylic Dressing Product Profile','1426104199.pdf',1,9,NULL,'pdf'),(75,'3M™ Tegaderm™ Alginate Dressings Product Information Sheet','1426104246.pdf',1,9,NULL,'pdf'),(76,'3M™ Tegaderm™ High Performance Adhesive Foam Dressing Product Information Sheet','1426104416.pdf',1,9,NULL,'pdf'),(77,'3M™ Tegaderm™ High Performance Adhesive Foam Dressing Product Profile','1426104469.pdf',1,9,NULL,'pdf'),(78,'3M™ Tegaderm™ High Performance Non-Adhesive Foam Dressing Product Profile','1426104542.pdf',1,9,NULL,'pdf'),(79,'3M™ Tegaderm™ Hydrocolloid Dressing Product Profile','1426104594.pdf',1,9,NULL,'pdf'),(80,'3M™ Tegaderm™ Hydrogel Wound Filler Product Information Sheet- Bilingual','1426104655.pdf',1,9,NULL,'pdf'),(81,'3M™ Tegaderm™ Matrix Dressing Product Information Sheet','1426104692.pdf',1,9,NULL,'pdf'),(82,'3M™ Tegaderm™ Matrix Dressing Your Questions Answered Brochure','1426104733.pdf',1,9,NULL,'pdf'),(83,'3M™ Tegaderm™ Non-Adherent Contact Layer Product Information Sheet','1426104773.pdf',1,9,NULL,'pdf'),(84,'3M™ Tegaderm™ Silicone Foam Border Dressing Product Information Sheet','1426104811.pdf',1,9,NULL,'pdf'),(85,'Clinical eTraining (1 hour)',NULL,1,6,'http://etraining.pixalere.com/','url'),(86,'3M™ Coban™ 2 Layer Compression System',NULL,1,10,'https://s3-us-west-2.amazonaws.com/pixalere.com/product_videos/coban2_basic.mp4','url'),(87,'3M™ Coban™ 2 Layer Lite Compression System, 2794',NULL,1,10,'https://s3-us-west-2.amazonaws.com/pixalere.com/product_videos/coban2_frail.mp4','url'),(88,'3M™ Tegaderm™ Ag Mesh Dressing with Silver',NULL,1,10,'https://s3-us-west-2.amazonaws.com/pixalere.com/product_videos/tegaderm_agmesh.mp4','url'),(89,'3M™ Tegaderm™ High Integrity Alginate Dressing, 90112',NULL,1,10,'https://s3-us-west-2.amazonaws.com/pixalere.com/product_videos/tegaderm_alginate.mp4','url'),(90,'3M™ Tegaderm™ Alginate Ag Silver Dressing',NULL,1,10,'https://s3-us-west-2.amazonaws.com/pixalere.com/product_videos/tegaderm_alginate_ag.mp4','url'),(91,'3M™ Tegaderm™ Alginate Ag Silver Dressing, 90307',NULL,1,10,'https://s3-us-west-2.amazonaws.com/pixalere.com/product_videos/tegaderm_alginate_ag2.mp4','url'),(92,'3M™ Tegaderm™ High Integrity Alginate Dressing, 90120',NULL,1,10,'https://s3-us-west-2.amazonaws.com/pixalere.com/product_videos/tegaderm_alginate2.mp4','url'),(93,'3M™ Tegaderm™ Transparent Film, 1624W',NULL,1,10,'https://s3-us-west-2.amazonaws.com/pixalere.com/product_videos/tegaderm_transparent.mp4','url');
/*!40000 ALTER TABLE `library` ENABLE KEYS */;
UNLOCK TABLES;



LOCK TABLES `products` WRITE;
/*!40000 ALTER TABLE `products` DISABLE KEYS */;
INSERT INTO `products` (`category`, `id`, `title`, `cost`, `description`, `company`, `url`, `image`, `active`, `type`, `quantity`, `base_id`, `all_treatment_locations`, `uid`, `library_id`, `display_image`, `display_description`, `pdf`, `recommendation_type`, `video_url`) VALUES (149,1784,'3M Tegaderm Absorbent Clear Acrylic  Small Oval',0,NULL,'3M','',NULL,0,NULL,NULL,NULL,1,'90800',NULL,NULL,NULL,NULL,NULL,''),(149,1785,'3M Tegaderm Absorbent Clear Acrylic  Small Oval',0,NULL,'3M','',NULL,0,NULL,NULL,NULL,1,'90800',NULL,NULL,NULL,NULL,NULL,''),(149,1786,'3M Tegaderm Absorbent Clear Acrylic  Med Oval',0,NULL,'3M','',NULL,0,NULL,NULL,NULL,1,'90801',NULL,NULL,NULL,NULL,NULL,''),(149,1787,'3M Tegaderm Absorbent Clear Acrylic  Small Square',0,NULL,'3M','',NULL,0,NULL,NULL,NULL,1,'90802',NULL,NULL,NULL,NULL,NULL,''),(149,1788,'3M Tegaderm Absorbent Clear Acrylic  Large Oval',0,NULL,'3M','',NULL,0,NULL,NULL,NULL,1,'90803',NULL,NULL,NULL,NULL,NULL,''),(149,1789,'3M Tegaderm Absorbent Clear Acrylic  Large Square',0,NULL,'3M','',NULL,0,NULL,NULL,NULL,1,'90805',NULL,NULL,NULL,NULL,NULL,''),(149,1790,'3M Tegaderm Absorbent Clear Acrylic  Sacral Design',0,NULL,'3M','',NULL,0,NULL,NULL,NULL,1,'90807',NULL,NULL,NULL,NULL,NULL,''),(138,1791,'3M Medipore Pad Soft Cloth (9cm x 10cm)',0,NULL,'3M','',NULL,0,NULL,NULL,NULL,1,'3566',NULL,NULL,NULL,NULL,NULL,''),(149,1792,'3M Tegaderm Absorbent Clear Acrylic  Med Oval',0,NULL,'3M','',NULL,0,NULL,NULL,1786,1,'90801',NULL,NULL,NULL,NULL,NULL,''),(149,1793,'3M Tegaderm Absorbent Clear Acrylic  Small Square',0,NULL,'3M','',NULL,0,NULL,NULL,1787,1,'90802',NULL,NULL,NULL,NULL,NULL,''),(138,1794,'3M Medipore Pad soft Cloth Adhesive Dressing (9cm x 15cm)',0,NULL,'3M','',NULL,0,NULL,NULL,NULL,1,'3569',NULL,NULL,NULL,NULL,NULL,''),(138,1795,'3M Medipore Pad Soft Cloth (9cm x 20cm)',0,NULL,'3M','',NULL,0,NULL,NULL,NULL,1,'3570',NULL,NULL,NULL,NULL,NULL,''),(149,1796,'3M Tegaderm Absorbent Clear Acrylic  Large Oval',0,NULL,'3M','',NULL,0,NULL,NULL,1788,1,'90803',NULL,NULL,NULL,NULL,NULL,''),(138,1797,'3M Medipore Pad Soft Cloth (9cm x 25cm)',0,NULL,'3M','',NULL,0,NULL,NULL,NULL,1,'3571',NULL,NULL,NULL,NULL,NULL,''),(149,1798,'3M Tegaderm Absorbent Clear Acrylic  Large Square',0,NULL,'3M','',NULL,0,NULL,NULL,1789,1,'90805',NULL,NULL,NULL,NULL,NULL,''),(138,1799,'3M Medipore Pad Soft Cloth Adhesive Dressing (9cm x 35cm)',0,NULL,'3M','',NULL,0,NULL,NULL,NULL,1,'3573',NULL,NULL,NULL,NULL,NULL,''),(149,1800,'3M Tegaderm Absorbent Clear Acrylic  Sacral Design',0,NULL,'3M','',NULL,0,NULL,NULL,1790,1,'90807',NULL,NULL,NULL,NULL,NULL,''),(150,1801,'3M Tegaderm Alginate Ag Silver Rope (2.5cm x 30 cm)',0,NULL,'3M','',NULL,0,NULL,NULL,NULL,1,'90307',NULL,NULL,NULL,NULL,NULL,'https://www.youtube.com/watch?v=OF2_hyfWR2U'),(150,1802,'3M Tegaderm Alginate Ag Silver Dressing (5cm x 5cm)',0,NULL,'3M','',NULL,0,NULL,NULL,NULL,1,'90301',NULL,NULL,NULL,NULL,NULL,'https://www.youtube.com/watch?v=OF2_hyfWR2U'),(138,1803,'3M Medipore Pad Soft Cloth (9cm x 10cm)',0,NULL,'3M','',NULL,0,NULL,NULL,1791,1,'3566',NULL,NULL,NULL,NULL,NULL,''),(150,1804,'3M Tegaderm Alginate Ag Silver Dressing (10cm x 12.5cm)',0,NULL,'3M','',NULL,0,NULL,NULL,NULL,1,'90303',NULL,NULL,NULL,NULL,NULL,'https://www.youtube.com/watch?v=OF2_hyfWR2U'),(142,1805,'3M Tegaderm High Integrity Alginate Dressing (10cm x 10cm)',0,NULL,'3M','',NULL,0,NULL,NULL,NULL,1,'90112',NULL,NULL,NULL,NULL,NULL,'https://www.youtube.com/watch?v=etSpxn-9VYw'),(142,1806,'3M Tegaderm High Integrity Alginate Dressing (10cm x 20cm)',0,NULL,'3M','',NULL,0,NULL,NULL,NULL,1,'90114',NULL,NULL,NULL,NULL,NULL,'https://www.youtube.com/watch?v=etSpxn-9VYw'),(138,1807,'3M Medipore Pad soft Cloth Adhesive Dressing (9cm x 15cm)',0,NULL,'3M','',NULL,0,NULL,NULL,1794,1,'3569',NULL,NULL,NULL,NULL,NULL,''),(142,1808,'3M Tegaderm High Integrity Alginate Dressing (12 inch rope)',0,NULL,'3M','',NULL,0,NULL,NULL,NULL,1,'90120',NULL,NULL,NULL,NULL,NULL,'https://www.youtube.com/watch?v=etSpxn-9VYw'),(142,1809,'3M Tegaderm High Gelling Alginate Dressing (10cm x 10cm)',0,NULL,'3M','',NULL,0,NULL,NULL,NULL,1,'90212',NULL,NULL,NULL,NULL,NULL,'https://www.youtube.com/watch?v=etSpxn-9VYw'),(138,1810,'3M Medipore Pad Soft Cloth (9cm x 20cm)',0,NULL,'3M','',NULL,0,NULL,NULL,1795,1,'3570',NULL,NULL,NULL,NULL,NULL,''),(142,1811,'3M Tegaderm High Gelling Alginate Dressing (12 inch rope)',0,NULL,'3M','',NULL,0,NULL,NULL,NULL,1,'90220',NULL,NULL,NULL,NULL,NULL,'https://www.youtube.com/watch?v=etSpxn-9VYw'),(138,1812,'3M Medipore Pad Soft Cloth (9cm x 25cm)',0,NULL,'3M','',NULL,0,NULL,NULL,1797,1,'3571',NULL,NULL,NULL,NULL,NULL,''),(143,1813,'3M Tegaderm Ag Mesh Dressing with Silver (5cm x 5cm)',0,NULL,'3M','',NULL,0,NULL,NULL,NULL,1,'90500',NULL,NULL,NULL,NULL,NULL,'https://www.youtube.com/watch?v=Ikag5sdNnZ0'),(138,1814,'3M Medipore Pad Soft Cloth Adhesive Dressing (9cm x 35cm)',0,NULL,'3M','',NULL,0,NULL,NULL,1799,1,'3573',NULL,NULL,NULL,NULL,NULL,''),(143,1815,'3M Tegaderm Ag Mesh Dressing with Silver (10cm x 12cm)',0,NULL,'3M','',NULL,0,NULL,NULL,NULL,1,'90501',NULL,NULL,NULL,NULL,NULL,'https://www.youtube.com/watch?v=Ikag5sdNnZ0'),(150,1816,'3M Tegaderm Alginate Ag Silver Rope (2.5cm x 30 cm)',0,NULL,'3M','',NULL,0,NULL,NULL,1801,1,'90307',NULL,NULL,NULL,NULL,NULL,'https://www.youtube.com/watch?v=OF2_hyfWR2U'),(143,1817,'3M Tegaderm Ag Mesh Dressing with Silver (10cm x 20cm)',0,NULL,'3M','',NULL,0,NULL,NULL,NULL,1,'90502',NULL,NULL,NULL,NULL,NULL,'https://www.youtube.com/watch?v=Ikag5sdNnZ0'),(143,1818,'3M Tegaderm Ag Mesh Dressing with Silver (20cm x 20cm)',0,NULL,'3M','',NULL,0,NULL,NULL,NULL,1,'90503',NULL,NULL,NULL,NULL,NULL,'https://www.youtube.com/watch?v=Ikag5sdNnZ0'),(150,1819,'3M Tegaderm Alginate Ag Silver Dressing (5cm x 5cm)',0,NULL,'3M','',NULL,0,NULL,NULL,1802,1,'90301',NULL,NULL,NULL,NULL,NULL,'https://www.youtube.com/watch?v=OF2_hyfWR2U'),(139,1820,'3M Tegaderm Pad Film Dressing with NonAdherent Pad (5cm x 7 cm)',0,NULL,'3M','',NULL,0,NULL,NULL,NULL,1,'3582',NULL,NULL,NULL,NULL,NULL,'https://www.youtube.com/watch?v=w6B1pobVfGs'),(139,1821,'3M Tegaderm Pad Film Dressing with NonAdherent Pad (9cm x 10 cm)',0,NULL,'3M','',NULL,0,NULL,NULL,NULL,1,'3586',NULL,NULL,NULL,NULL,NULL,'https://www.youtube.com/watch?v=w6B1pobVfGs'),(139,1822,'3M Tegaderm Pad Film Dressing with NonAdherent Pad (9cm x 10.5cm)',0,NULL,'3M','',NULL,0,NULL,NULL,NULL,1,'3587',NULL,NULL,NULL,NULL,NULL,'https://www.youtube.com/watch?v=w6B1pobVfGs'),(150,1823,'3M Tegaderm Alginate Ag Silver Dressing (10cm x 12.5cm)',0,NULL,'3M','',NULL,0,NULL,NULL,1804,1,'90303',NULL,NULL,NULL,NULL,NULL,'https://www.youtube.com/watch?v=OF2_hyfWR2U'),(139,1824,'3M Tegaderm Pad Film Dressing with NonAdherent Pad (15cm x 15cm)',0,NULL,'3M','',NULL,0,NULL,NULL,NULL,1,'3588',NULL,NULL,NULL,NULL,NULL,'https://www.youtube.com/watch?v=w6B1pobVfGs'),(139,1825,'3M Tegaderm Pad Film Dressing with NonAdherent Pad (9cm x 20cm)',0,NULL,'3M','',NULL,0,NULL,NULL,NULL,1,'3590',NULL,NULL,NULL,NULL,NULL,'https://www.youtube.com/watch?v=w6B1pobVfGs'),(142,1826,'3M Tegaderm High Integrity Alginate Dressing (10cm x 10cm)',0,NULL,'3M','',NULL,0,NULL,NULL,1805,1,'90112',NULL,NULL,NULL,NULL,NULL,'https://www.youtube.com/watch?v=etSpxn-9VYw'),(139,1827,'3M Tegaderm Pad Film Dressing with NonAdherent Pad (9cm x 25cm)',0,NULL,'3M','',NULL,0,NULL,NULL,NULL,1,'3591',NULL,NULL,NULL,NULL,NULL,'https://www.youtube.com/watch?v=w6B1pobVfGs'),(142,1828,'3M Tegaderm High Integrity Alginate Dressing (10cm x 20cm)',0,NULL,'3M','',NULL,0,NULL,NULL,1806,1,'90114',NULL,NULL,NULL,NULL,NULL,'https://www.youtube.com/watch?v=etSpxn-9VYw'),(139,1829,'3M Tegaderm Pad Film Dressing with NonAdherent Pad (6cm x 10cm)',0,NULL,'3M','',NULL,0,NULL,NULL,NULL,1,'3584',NULL,NULL,NULL,NULL,NULL,'https://www.youtube.com/watch?v=w6B1pobVfGs'),(139,1830,'3M Tegaderm Pad Film Dressing with NonAdherent Pad (9cm x 15cm)',0,NULL,'3M','',NULL,0,NULL,NULL,NULL,1,'3589',NULL,NULL,NULL,NULL,NULL,'https://www.youtube.com/watch?v=w6B1pobVfGs'),(142,1831,'3M Tegaderm High Integrity Alginate Dressing (12 inch rope)',0,NULL,'3M','',NULL,0,NULL,NULL,1808,1,'90120',NULL,NULL,NULL,NULL,NULL,'https://www.youtube.com/watch?v=etSpxn-9VYw'),(139,1832,'3M Tegaderm Pad Film Dressing with NonAdherent Pad (9cm x 35cm)',0,NULL,'3M','',NULL,0,NULL,NULL,NULL,1,'3593',NULL,NULL,NULL,NULL,NULL,'https://www.youtube.com/watch?v=w6B1pobVfGs'),(146,1833,'3M Tegaderm High Performance Foam Adhesive Dressing  Small Oval',0,NULL,'3M','',NULL,0,NULL,NULL,NULL,1,'90611',NULL,NULL,NULL,NULL,NULL,'https://www.youtube.com/watch?v=wULKcpjvGSk'),(142,1834,'3M Tegaderm High Gelling Alginate Dressing (10cm x 10cm)',0,NULL,'3M','',NULL,0,NULL,NULL,1809,1,'90212',NULL,NULL,NULL,NULL,NULL,'https://www.youtube.com/watch?v=etSpxn-9VYw'),(146,1835,'3M Tegaderm High Performance Foam Adhesive Dressing  Square',0,NULL,'3M','',NULL,0,NULL,NULL,NULL,1,'90612',NULL,NULL,NULL,NULL,NULL,'https://www.youtube.com/watch?v=wULKcpjvGSk'),(146,1836,'3M Tegaderm High Performance Foam Adhesive Dressing  Med Oval',0,NULL,'3M','',NULL,0,NULL,NULL,NULL,1,'90613',NULL,NULL,NULL,NULL,NULL,'https://www.youtube.com/watch?v=wULKcpjvGSk'),(142,1837,'3M Tegaderm High Gelling Alginate Dressing (12 inch rope)',0,NULL,'3M','',NULL,0,NULL,NULL,1811,1,'90220',NULL,NULL,NULL,NULL,NULL,'https://www.youtube.com/watch?v=etSpxn-9VYw'),(146,1838,'3M Tegaderm Foam Dressing NonAdhesive (7cm x 7cm) Mini Wrap',0,NULL,'3M','',NULL,0,NULL,NULL,NULL,1,'90615',NULL,NULL,NULL,NULL,NULL,'https://www.youtube.com/watch?v=wULKcpjvGSk'),(146,1839,'3M Tegaderm High Performance Foam Adhesive Dressing  Large Oval',0,NULL,'3M','',NULL,0,NULL,NULL,NULL,1,'90616',NULL,NULL,NULL,NULL,NULL,'https://www.youtube.com/watch?v=wULKcpjvGSk'),(143,1840,'3M Tegaderm Ag Mesh Dressing with Silver (5cm x 5cm)',0,NULL,'3M','',NULL,0,NULL,NULL,1813,1,'90500',NULL,NULL,NULL,NULL,NULL,'https://www.youtube.com/watch?v=Ikag5sdNnZ0'),(146,1841,'3M Tegaderm High Performance Foam Adhesive Dressing  Heal Design',0,NULL,'3M','',NULL,0,NULL,NULL,NULL,1,'90619',NULL,NULL,NULL,NULL,NULL,'https://www.youtube.com/watch?v=wULKcpjvGSk'),(143,1842,'3M Tegaderm Ag Mesh Dressing with Silver (10cm x 12cm)',0,NULL,'3M','',NULL,0,NULL,NULL,1815,1,'90501',NULL,NULL,NULL,NULL,NULL,'https://www.youtube.com/watch?v=Ikag5sdNnZ0'),(145,1843,'3M Tegaderm High Performance Foam NonAdhesive Dressing (10cm x 10cm)',0,NULL,'3M','',NULL,0,NULL,NULL,NULL,1,'90601',NULL,NULL,NULL,NULL,NULL,'https://www.youtube.com/watch?v=8G2xRAse_Yg'),(145,1844,'3M Tegaderm Foam Dressing NonAdhesive Fenestrated (8.8cm x 8.8cm)',0,NULL,'3M','',NULL,0,NULL,NULL,NULL,1,'90604',NULL,NULL,NULL,NULL,NULL,'https://www.youtube.com/watch?v=8G2xRAse_Yg'),(143,1845,'3M Tegaderm Ag Mesh Dressing with Silver (10cm x 20cm)',0,NULL,'3M','',NULL,0,NULL,NULL,1817,1,'90502',NULL,NULL,NULL,NULL,NULL,'https://www.youtube.com/watch?v=Ikag5sdNnZ0'),(145,1846,'3M Tegaderm High Performance Foam NonAdhesive Roll (10cm x 60 cm roll)',0,NULL,'3M','',NULL,0,NULL,NULL,NULL,1,'90605',NULL,NULL,NULL,NULL,NULL,'https://www.youtube.com/watch?v=8G2xRAse_Yg'),(145,1847,'3M Tegaderm Foam Dressing NonAdhesive (5cm x 5cm)',0,NULL,'3M','',NULL,0,NULL,NULL,NULL,1,'90600',NULL,NULL,NULL,NULL,NULL,'https://www.youtube.com/watch?v=8G2xRAse_Yg'),(143,1848,'3M Tegaderm Ag Mesh Dressing with Silver (20cm x 20cm)',0,NULL,'3M','',NULL,0,NULL,NULL,1818,1,'90503',NULL,NULL,NULL,NULL,NULL,'https://www.youtube.com/watch?v=Ikag5sdNnZ0'),(145,1849,'3M Tegaderm Foam Dressing NonAdhesive (10cm x 10cm)',0,NULL,'3M','',NULL,0,NULL,NULL,NULL,1,'90602',NULL,NULL,NULL,NULL,NULL,'https://www.youtube.com/watch?v=8G2xRAse_Yg'),(139,1850,'3M Tegaderm Pad Film Dressing with NonAdherent Pad (5cm x 7 cm)',0,NULL,'3M','',NULL,0,NULL,NULL,1820,1,'3582',NULL,NULL,NULL,NULL,NULL,'https://www.youtube.com/watch?v=w6B1pobVfGs'),(145,1851,'3M Tegaderm Foam Dressing NonAdhesive (10cm x 20cm)',0,NULL,'3M','',NULL,0,NULL,NULL,NULL,1,'90603',NULL,NULL,NULL,NULL,NULL,'https://www.youtube.com/watch?v=8G2xRAse_Yg'),(141,1852,'3M Tegaderm Hydrocolloid Dressing (6.9cm x 8.8cm)',0,NULL,'3M','',NULL,0,NULL,NULL,NULL,1,'90001',NULL,NULL,NULL,NULL,NULL,'https://www.youtube.com/watch?v=mw6UWwBnVAk'),(139,1853,'3M Tegaderm Pad Film Dressing with NonAdherent Pad (9cm x 10 cm)',0,NULL,'3M','',NULL,0,NULL,NULL,1821,1,'3586',NULL,NULL,NULL,NULL,NULL,'https://www.youtube.com/watch?v=w6B1pobVfGs'),(141,1854,'3M Tegaderm Hydrocolloid Dressing (10.1cm x 10.1cm)',0,NULL,'3M','',NULL,0,NULL,NULL,NULL,1,'90002',NULL,NULL,NULL,NULL,NULL,'https://www.youtube.com/watch?v=mw6UWwBnVAk'),(139,1855,'3M Tegaderm Pad Film Dressing with NonAdherent Pad (9cm x 10.5cm)',0,NULL,'3M','',NULL,0,NULL,NULL,1822,1,'3587',NULL,NULL,NULL,NULL,NULL,'https://www.youtube.com/watch?v=w6B1pobVfGs'),(141,1856,'3M Tegaderm Hydrocollloid Dressing  Oval',0,NULL,'3M','',NULL,0,NULL,NULL,NULL,1,'90003',NULL,NULL,NULL,NULL,NULL,'https://www.youtube.com/watch?v=mw6UWwBnVAk'),(141,1857,'3M Tegaderm Hydrocolloid  Oval (13.9cm x 17.1cm)',0,NULL,'3M','',NULL,0,NULL,NULL,NULL,1,'90004',NULL,NULL,NULL,NULL,NULL,'https://www.youtube.com/watch?v=mw6UWwBnVAk'),(139,1858,'3M Tegaderm Pad Film Dressing with NonAdherent Pad (15cm x 15cm)',0,NULL,'3M','',NULL,0,NULL,NULL,1824,1,'3588',NULL,NULL,NULL,NULL,NULL,'https://www.youtube.com/watch?v=w6B1pobVfGs'),(141,1859,'3M Tegaderm Hydrocolloid Dressing  Sacral Design',0,NULL,'3M','',NULL,0,NULL,NULL,NULL,1,'90007',NULL,NULL,NULL,NULL,NULL,'https://www.youtube.com/watch?v=mw6UWwBnVAk'),(151,1860,'3M Tegaderm Hydrocolloid Thin Dressing (6.9cm x 8.8cm)',0,NULL,'3M','',NULL,0,NULL,NULL,NULL,1,'90021',NULL,NULL,NULL,NULL,NULL,'https://www.youtube.com/watch?v=mw6UWwBnVAk'),(139,1861,'3M Tegaderm Pad Film Dressing with NonAdherent Pad (9cm x 20cm)',0,NULL,'3M','',NULL,0,NULL,NULL,1825,1,'3590',NULL,NULL,NULL,NULL,NULL,'https://www.youtube.com/watch?v=w6B1pobVfGs'),(151,1862,'3M Tegaderm Hydrocolloid Thin Dressing (10.1cm x 12cm)',0,NULL,'3M','',NULL,0,NULL,NULL,NULL,1,'90023',NULL,NULL,NULL,NULL,NULL,'https://www.youtube.com/watch?v=mw6UWwBnVAk'),(151,1863,'3M Tegaderm Hodrocolloid Thin Dressing (10.1cm x 10.1cm)',0,NULL,'3M','',NULL,0,NULL,NULL,NULL,1,'90022',NULL,NULL,NULL,NULL,NULL,'https://www.youtube.com/watch?v=mw6UWwBnVAk'),(139,1864,'3M Tegaderm Pad Film Dressing with NonAdherent Pad (9cm x 25cm)',0,NULL,'3M','',NULL,0,NULL,NULL,1827,1,'3591',NULL,NULL,NULL,NULL,NULL,'https://www.youtube.com/watch?v=w6B1pobVfGs'),(151,1865,'3M Tegaderm Hydrocolloid Thin Dressing (13.9cm x 17.1cm)',0,NULL,'3M','',NULL,0,NULL,NULL,NULL,1,'90024',NULL,NULL,NULL,NULL,NULL,'https://www.youtube.com/watch?v=mw6UWwBnVAk'),(152,1866,'3M Tegaderm Hydrogel Wound Filler (.528 oz)',0,NULL,'3M','',NULL,0,NULL,NULL,NULL,1,'91110',NULL,NULL,NULL,NULL,NULL,'https://www.youtube.com/watch?v=ynlJC0zkjDY'),(144,1867,'3M Tegaderm Matrix Dressing (10.16cm x 12.7cm)',0,NULL,'3M','',NULL,0,NULL,NULL,NULL,1,'90571',NULL,NULL,NULL,NULL,NULL,''),(144,1868,'3M Tegaderm Matrix Dressing with PHI (5cm x 6cm)',0,NULL,'3M','',NULL,0,NULL,NULL,NULL,1,'90900',NULL,NULL,NULL,NULL,NULL,''),(139,1869,'3M Tegaderm Pad Film Dressing with NonAdherent Pad (6cm x 10cm)',0,NULL,'3M','',NULL,0,NULL,NULL,1829,1,'3584',NULL,NULL,NULL,NULL,NULL,'https://www.youtube.com/watch?v=w6B1pobVfGs'),(140,1870,'3M Tegaderm NonAdherent Contact Layer (7cm x 10cm)',0,NULL,'3M','',NULL,0,NULL,NULL,NULL,1,'5642',NULL,NULL,NULL,NULL,NULL,'https://www.youtube.com/watch?v=7ZTAN6HurnI'),(140,1871,'3M Tegaderm NonAdherent Contact Layer (20cm x 25cm)',0,NULL,'3M','',NULL,0,NULL,NULL,NULL,1,'5644',NULL,NULL,NULL,NULL,NULL,'https://www.youtube.com/watch?v=7ZTAN6HurnI'),(139,1872,'3M Tegaderm Pad Film Dressing with NonAdherent Pad (9cm x 15cm)',0,NULL,'3M','',NULL,0,NULL,NULL,1830,1,'3589',NULL,NULL,NULL,NULL,NULL,'https://www.youtube.com/watch?v=w6B1pobVfGs'),(140,1873,'3M Tegaderm NonAdherenct Contact Layer (7.5cm x 20cm)',0,NULL,'3M','',NULL,0,NULL,NULL,NULL,1,'5643',NULL,NULL,NULL,NULL,NULL,'https://www.youtube.com/watch?v=7ZTAN6HurnI'),(147,1874,'3M Tegaderm Silicone Foam Border Dressing (10cm x 10cm)',0,NULL,'3M','',NULL,0,NULL,NULL,NULL,1,'90641',NULL,NULL,NULL,NULL,NULL,''),(139,1875,'3M Tegaderm Pad Film Dressing with NonAdherent Pad (9cm x 35cm)',0,NULL,'3M','',NULL,0,NULL,NULL,1832,1,'3593',NULL,NULL,NULL,NULL,NULL,'https://www.youtube.com/watch?v=w6B1pobVfGs'),(147,1876,'3M Tegaderm Silicone Foam Border Dressing (15cm x 15cm)',0,NULL,'3M','',NULL,0,NULL,NULL,NULL,1,'90642',NULL,NULL,NULL,NULL,NULL,''),(148,1877,'3M Tegaderm Superabsorber Dressing (10cm x 10cm)',0,NULL,'3M','',NULL,0,NULL,NULL,NULL,1,'90701',NULL,NULL,NULL,NULL,NULL,''),(146,1878,'3M Tegaderm High Performance Foam Adhesive Dressing  Small Oval',0,NULL,'3M','',NULL,0,NULL,NULL,1833,1,'90611',NULL,NULL,NULL,NULL,NULL,'https://www.youtube.com/watch?v=wULKcpjvGSk'),(153,1879,'3M Tegaderm Transparent Film Dressing (6cm x 7cm)',0,NULL,'3M','',NULL,0,NULL,NULL,NULL,1,'9505W',NULL,NULL,NULL,NULL,NULL,''),(153,1880,'3M Tegaderm Transparent Film Dressing Frame Style (4.4cm x 4.4cm)',0,NULL,'3M','',NULL,0,NULL,NULL,NULL,1,'1622W',NULL,NULL,NULL,NULL,NULL,''),(146,1881,'3M Tegaderm High Performance Foam Adhesive Dressing  Square',0,NULL,'3M','',NULL,0,NULL,NULL,1835,1,'90612',NULL,NULL,NULL,NULL,NULL,'https://www.youtube.com/watch?v=wULKcpjvGSk'),(153,1882,'3M Tegaderm Transparent Film Dressing Frame Style (6cm x 7cm)',0,NULL,'3M','',NULL,0,NULL,NULL,NULL,1,'1624W',NULL,NULL,NULL,NULL,NULL,''),(153,1883,'3M Tegaderm Transparent Film Dressing Frame Style (10cm x 12cm)',0,NULL,'3M','',NULL,0,NULL,NULL,NULL,1,'1626W',NULL,NULL,NULL,NULL,NULL,''),(153,1884,'3M Tegaderm Transparent Film Dressing Frame Style',0,NULL,'3M','',NULL,0,NULL,NULL,NULL,1,'1627',NULL,NULL,NULL,NULL,NULL,''),(146,1885,'3M Tegaderm High Performance Foam Adhesive Dressing  Med Oval',0,NULL,'3M','',NULL,0,NULL,NULL,1836,1,'90613',NULL,NULL,NULL,NULL,NULL,'https://www.youtube.com/watch?v=wULKcpjvGSk'),(153,1886,'3M Tegaderm Transparent Film Dressing Frame Style (10cm x 12cm)',0,NULL,'3M','',NULL,0,NULL,NULL,NULL,1,'1628',NULL,NULL,NULL,NULL,NULL,''),(153,1887,'3M Tegaderm Transparent Film Dressing Frame Style (20cm x 30cm)',0,NULL,'3M','',NULL,0,NULL,NULL,NULL,1,'1629',NULL,NULL,NULL,NULL,NULL,''),(153,1888,'3M Tegaderm Transparent Film Dressing Frame Style (10cm x 11.5cm)',0,NULL,'3M','',NULL,0,NULL,NULL,NULL,1,'1630',NULL,NULL,NULL,NULL,NULL,''),(154,1889,'3M Cavilon No Sting Barrier Film (1 ml wand)',0,NULL,'3M','',NULL,0,NULL,NULL,NULL,1,'3343',NULL,NULL,NULL,NULL,NULL,'https://www.youtube.com/watch?v=d28fNUiH68M'),(154,1890,'3M Cavilon No Sting Barrier Film (1 ml wipe)',0,NULL,'3M','',NULL,0,NULL,NULL,NULL,1,'3344',NULL,NULL,NULL,NULL,NULL,'https://www.youtube.com/watch?v=d28fNUiH68M'),(154,1891,'3M Cavilon No Sting Barrier Film (3 ml wand)',0,NULL,'3M','',NULL,0,NULL,NULL,NULL,1,'3345',NULL,NULL,NULL,NULL,NULL,'https://www.youtube.com/watch?v=d28fNUiH68M'),(154,1892,'3M Cavilon No Sting Barrier Film (28 ml bottle)',0,NULL,'3M','',NULL,0,NULL,NULL,NULL,1,'3346',NULL,NULL,NULL,NULL,NULL,'https://www.youtube.com/watch?v=d28fNUiH68M'),(146,1893,'3M Tegaderm Foam Dressing NonAdhesive (7cm x 7cm) Mini Wrap',0,NULL,'3M','',NULL,0,NULL,NULL,1838,1,'90615',NULL,NULL,NULL,NULL,NULL,'https://www.youtube.com/watch?v=wULKcpjvGSk'),(146,1894,'3M Tegaderm High Performance Foam Adhesive Dressing  Large Oval',0,NULL,'3M','',NULL,0,NULL,NULL,1839,1,'90616',NULL,NULL,NULL,NULL,NULL,'https://www.youtube.com/watch?v=wULKcpjvGSk'),(146,1895,'3M Tegaderm High Performance Foam Adhesive Dressing  Heal Design',0,NULL,'3M','',NULL,0,NULL,NULL,1841,1,'90619',NULL,NULL,NULL,NULL,NULL,'https://www.youtube.com/watch?v=wULKcpjvGSk'),(145,1896,'3M Tegaderm High Performance Foam NonAdhesive Dressing (10cm x 10cm)',0,NULL,'3M','',NULL,0,NULL,NULL,1843,1,'90601',NULL,NULL,NULL,NULL,NULL,'https://www.youtube.com/watch?v=8G2xRAse_Yg'),(145,1897,'3M Tegaderm Foam Dressing NonAdhesive Fenestrated (8.8cm x 8.8cm)',0,NULL,'3M','',NULL,0,NULL,NULL,1844,1,'90604',NULL,NULL,NULL,NULL,NULL,'https://www.youtube.com/watch?v=8G2xRAse_Yg'),(145,1898,'3M Tegaderm High Performance Foam NonAdhesive Roll (10cm x 60 cm roll)',0,NULL,'3M','',NULL,0,NULL,NULL,1846,1,'90605',NULL,NULL,NULL,NULL,NULL,'https://www.youtube.com/watch?v=8G2xRAse_Yg'),(145,1899,'3M Tegaderm Foam Dressing NonAdhesive (5cm x 5cm)',0,NULL,'3M','',NULL,0,NULL,NULL,1847,1,'90600',NULL,NULL,NULL,NULL,NULL,'https://www.youtube.com/watch?v=8G2xRAse_Yg'),(145,1900,'3M Tegaderm Foam Dressing NonAdhesive (10cm x 10cm)',0,NULL,'3M','',NULL,0,NULL,NULL,1849,1,'90602',NULL,NULL,NULL,NULL,NULL,'https://www.youtube.com/watch?v=8G2xRAse_Yg'),(145,1901,'3M Tegaderm Foam Dressing NonAdhesive (10cm x 20cm)',0,NULL,'3M','',NULL,0,NULL,NULL,1851,1,'90603',NULL,NULL,NULL,NULL,NULL,'https://www.youtube.com/watch?v=8G2xRAse_Yg'),(141,1902,'3M Tegaderm Hydrocolloid Dressing (6.9cm x 8.8cm)',0,NULL,'3M','',NULL,0,NULL,NULL,1852,1,'90001',NULL,NULL,NULL,NULL,NULL,'https://www.youtube.com/watch?v=mw6UWwBnVAk'),(141,1903,'3M Tegaderm Hydrocolloid Dressing (10.1cm x 10.1cm)',0,NULL,'3M','',NULL,0,NULL,NULL,1854,1,'90002',NULL,NULL,NULL,NULL,NULL,'https://www.youtube.com/watch?v=mw6UWwBnVAk'),(141,1904,'3M Tegaderm Hydrocollloid Dressing  Oval',0,NULL,'3M','',NULL,0,NULL,NULL,1856,1,'90003',NULL,NULL,NULL,NULL,NULL,'https://www.youtube.com/watch?v=mw6UWwBnVAk'),(141,1905,'3M Tegaderm Hydrocolloid  Oval (13.9cm x 17.1cm)',0,NULL,'3M','',NULL,0,NULL,NULL,1857,1,'90004',NULL,NULL,NULL,NULL,NULL,'https://www.youtube.com/watch?v=mw6UWwBnVAk'),(141,1906,'3M Tegaderm Hydrocolloid Dressing  Sacral Design',0,NULL,'3M','',NULL,0,NULL,NULL,1859,1,'90007',NULL,NULL,NULL,NULL,NULL,'https://www.youtube.com/watch?v=mw6UWwBnVAk'),(151,1907,'3M Tegaderm Hydrocolloid Thin Dressing (6.9cm x 8.8cm)',0,NULL,'3M','',NULL,0,NULL,NULL,1860,1,'90021',NULL,NULL,NULL,NULL,NULL,'https://www.youtube.com/watch?v=mw6UWwBnVAk'),(151,1908,'3M Tegaderm Hydrocolloid Thin Dressing (10.1cm x 12cm)',0,NULL,'3M','',NULL,0,NULL,NULL,1862,1,'90023',NULL,NULL,NULL,NULL,NULL,'https://www.youtube.com/watch?v=mw6UWwBnVAk'),(151,1909,'3M Tegaderm Hodrocolloid Thin Dressing (10.1cm x 10.1cm)',0,NULL,'3M','',NULL,0,NULL,NULL,1863,1,'90022',NULL,NULL,NULL,NULL,NULL,'https://www.youtube.com/watch?v=mw6UWwBnVAk'),(151,1910,'3M Tegaderm Hydrocolloid Thin Dressing (13.9cm x 17.1cm)',0,NULL,'3M','',NULL,0,NULL,NULL,1865,1,'90024',NULL,NULL,NULL,NULL,NULL,'https://www.youtube.com/watch?v=mw6UWwBnVAk'),(152,1911,'3M Tegaderm Hydrogel Wound Filler (.528 oz)',0,NULL,'3M','',NULL,0,NULL,NULL,1866,1,'91110',NULL,NULL,NULL,NULL,NULL,'https://www.youtube.com/watch?v=ynlJC0zkjDY'),(144,1912,'3M Tegaderm Matrix Dressing (10.16cm x 12.7cm)',0,NULL,'3M','',NULL,0,NULL,NULL,1867,1,'90571',NULL,NULL,NULL,NULL,NULL,''),(144,1913,'3M Tegaderm Matrix Dressing with PHI (5cm x 6cm)',0,NULL,'3M','',NULL,0,NULL,NULL,1868,1,'90900',NULL,NULL,NULL,NULL,NULL,''),(140,1914,'3M Tegaderm NonAdherent Contact Layer (7cm x 10cm)',0,NULL,'3M','',NULL,0,NULL,NULL,1870,1,'5642',NULL,NULL,NULL,NULL,NULL,'https://www.youtube.com/watch?v=7ZTAN6HurnI'),(140,1915,'3M Tegaderm NonAdherent Contact Layer (20cm x 25cm)',0,NULL,'3M','',NULL,0,NULL,NULL,1871,1,'5644',NULL,NULL,NULL,NULL,NULL,'https://www.youtube.com/watch?v=7ZTAN6HurnI'),(140,1916,'3M Tegaderm NonAdherenct Contact Layer (7.5cm x 20cm)',0,NULL,'3M','',NULL,0,NULL,NULL,1873,1,'5643',NULL,NULL,NULL,NULL,NULL,'https://www.youtube.com/watch?v=7ZTAN6HurnI'),(147,1917,'3M Tegaderm Silicone Foam Border Dressing (10cm x 10cm)',0,NULL,'3M','',NULL,0,NULL,NULL,1874,1,'90641',NULL,NULL,NULL,NULL,NULL,''),(147,1918,'3M Tegaderm Silicone Foam Border Dressing (15cm x 15cm)',0,NULL,'3M','',NULL,0,NULL,NULL,1876,1,'90642',NULL,NULL,NULL,NULL,NULL,''),(148,1919,'3M Tegaderm Superabsorber Dressing (10cm x 10cm)',0,NULL,'3M','',NULL,0,NULL,NULL,1877,1,'90701',NULL,NULL,NULL,NULL,NULL,''),(153,1920,'3M Tegaderm Transparent Film Dressing (6cm x 7cm)',0,NULL,'3M','',NULL,0,NULL,NULL,1879,1,'9505W',NULL,NULL,NULL,NULL,NULL,''),(153,1921,'3M Tegaderm Transparent Film Dressing Frame Style (4.4cm x 4.4cm)',0,NULL,'3M','',NULL,0,NULL,NULL,1880,1,'1622W',NULL,NULL,NULL,NULL,NULL,''),(153,1922,'3M Tegaderm Transparent Film Dressing Frame Style (6cm x 7cm)',0,NULL,'3M','',NULL,0,NULL,NULL,1882,1,'1624W',NULL,NULL,NULL,NULL,NULL,''),(153,1923,'3M Tegaderm Transparent Film Dressing Frame Style (10cm x 12cm)',0,NULL,'3M','',NULL,0,NULL,NULL,1883,1,'1626W',NULL,NULL,NULL,NULL,NULL,''),(153,1924,'3M Tegaderm Transparent Film Dressing Frame Style',0,NULL,'3M','',NULL,0,NULL,NULL,1884,1,'1627',NULL,NULL,NULL,NULL,NULL,''),(153,1925,'3M Tegaderm Transparent Film Dressing Frame Style (10cm x 12cm)',0,NULL,'3M','',NULL,0,NULL,NULL,1886,1,'1628',NULL,NULL,NULL,NULL,NULL,''),(153,1926,'3M Tegaderm Transparent Film Dressing Frame Style (20cm x 30cm)',0,NULL,'3M','',NULL,0,NULL,NULL,1887,1,'1629',NULL,NULL,NULL,NULL,NULL,''),(153,1927,'3M Tegaderm Transparent Film Dressing Frame Style (10cm x 11.5cm)',0,NULL,'3M','',NULL,0,NULL,NULL,1888,1,'1630',NULL,NULL,NULL,NULL,NULL,''),(154,1928,'3M Cavilon No Sting Barrier Film (1 ml wand)',0,NULL,'3M','',NULL,0,NULL,NULL,1889,1,'3343',NULL,NULL,NULL,NULL,NULL,'https://www.youtube.com/watch?v=d28fNUiH68M'),(154,1929,'3M Cavilon No Sting Barrier Film (1 ml wipe)',0,NULL,'3M','',NULL,0,NULL,NULL,1890,1,'3344',NULL,NULL,NULL,NULL,NULL,'https://www.youtube.com/watch?v=d28fNUiH68M'),(154,1930,'3M Cavilon No Sting Barrier Film (3 ml wand)',0,NULL,'3M','',NULL,0,NULL,NULL,1891,1,'3345',NULL,NULL,NULL,NULL,NULL,'https://www.youtube.com/watch?v=d28fNUiH68M'),(154,1931,'3M Cavilon No Sting Barrier Film (28 ml bottle)',0,NULL,'3M','',NULL,0,NULL,NULL,1892,1,'3346',NULL,NULL,NULL,NULL,NULL,'https://www.youtube.com/watch?v=d28fNUiH68M'),(154,1932,'3M Cavilon No Sting Barrier Film (1 ml wand)',0,'tset','3M','http://tsn.ca','1424314403_Screenshot from 2015-02-16 09:06:35.png',0,NULL,NULL,1889,1,NULL,NULL,1,1,'1424314403_userstats_8weeks_1423807759.pdf',NULL,'https://www.youtube.com/embed/Af5te4TEI-Y'),(154,1933,'3M Cavilon No Sting Barrier Film (1 ml wand)',0,'tset','3M','http://tsn.ca','1424314403_Screenshot from 2015-02-16 09:06:35.png',0,NULL,NULL,1889,1,NULL,NULL,1,1,'1424314403_userstats_8weeks_1423807759.pdf',NULL,'https://www.youtube.com/embed/Af5te4TEI-Y'),(149,1934,'3M Tegaderm Absorbent Clear Acrylic  Large Oval',0,'','3M','https://www.youtube.com/watch?v=sZ6pdYez4Ps','1424316094_Image 90803.png',0,NULL,NULL,1788,1,'90803',NULL,1,NULL,'1424316094_Tegaderm Absorbent Clear Acrylic Dressing.pdf',NULL,''),(149,1935,'3M Tegaderm Absorbent Clear Acrylic  Small Oval',0,'','3M','https://www.youtube.com/watch?v=sZ6pdYez4Ps','1424316188_Image 90800.png',0,NULL,NULL,1785,1,'90800',NULL,1,NULL,'1424316188_Tegaderm Absorbent Clear Acrylic Dressing.pdf',NULL,''),(149,1936,'3M Tegaderm Absorbent Clear Acrylic  Med Oval',0,'','3M','https://www.youtube.com/watch?v=sZ6pdYez4Ps','1424316290_Image 90801.png',0,NULL,NULL,1786,1,'90801',NULL,1,NULL,'1424316290_Tegaderm Absorbent Clear Acrylic Dressing.pdf',NULL,''),(149,1937,'3M Tegaderm Absorbent Clear Acrylic  Small Square',0,'','3M','https://www.youtube.com/watch?v=sZ6pdYez4Ps','1424316355_Image 90802.png',0,NULL,NULL,1787,1,'90802',NULL,1,NULL,'1424316355_Tegaderm Absorbent Clear Acrylic Dressing.pdf',NULL,''),(149,1938,'3M Tegaderm Absorbent Clear Acrylic  Sacral Design',0,'','3M','https://www.youtube.com/watch?v=sZ6pdYez4Ps','1424316474_Image 90807.png',0,NULL,NULL,1790,1,'90807',NULL,1,NULL,'1424316474_Tegaderm Absorbent Clear Acrylic Dressing.pdf',NULL,''),(154,1939,'3M Cavilon No Sting Barrier Film (1 ml wand)',0,'','3M','https://www.youtube.com/watch?v=d28fNUiH68M','1424316710_Image 3343.png',0,NULL,NULL,1889,1,NULL,NULL,1,NULL,'1424316710_Cavilon No Sting Barrier Film.pdf',NULL,''),(154,1940,'3M Cavilon No Sting Barrier Film (1 ml wipe)',0,'','3M','','1424316774_Image 3344.png',0,NULL,NULL,1890,1,'3344',NULL,1,NULL,'1424316774_Cavilon No Sting Barrier Film.pdf',NULL,'https://www.youtube.com/watch?v=d28fNUiH68M'),(154,1941,'3M Cavilon No Sting Barrier Film (3 ml wand)',0,'','3M','','1424316818_Image 3345.png',0,NULL,NULL,1891,1,'3345',NULL,1,NULL,'1424316818_Cavilon No Sting Barrier Film.pdf',NULL,'https://www.youtube.com/watch?v=d28fNUiH68M'),(154,1942,'3M Cavilon No Sting Barrier Film (28 ml bottle)',0,'','3M','','1424316878_Image 3346.png',0,NULL,NULL,1892,1,'3346',NULL,1,NULL,'1424316878_Cavilon No Sting Barrier Film.pdf',NULL,'https://www.youtube.com/watch?v=d28fNUiH68M'),(153,1945,'3M Tegaderm Transparent Film Dressing (6cm x 7cm)',0,'','3M','','1424319737_Image 9505W.png',0,NULL,NULL,1879,1,NULL,NULL,1,NULL,'1424319737_Tegaderm Transparent Dressings.pdf',NULL,'https://www.youtube.com/embed/0-bRhZivXtA'),(153,1946,'3M Tegaderm Transparent Film Dressing Frame Style (4.4cm x 4.4cm)',0,'','3M','','1424319800_Image 1622W.png',0,NULL,NULL,1880,1,NULL,NULL,1,NULL,'1424319800_Tegaderm Transparent Dressings.pdf',NULL,'https://www.youtube.com/embed/0-bRhZivXtA'),(153,1947,'3M Tegaderm Transparent Film Dressing Frame Style (6cm x 7cm)',0,'','3M','','1424320050_Image 1624W.png',0,NULL,NULL,1882,1,NULL,NULL,1,NULL,'1424320050_Tegaderm Transparent Dressings.pdf','P','https://www.youtube.com/embed/0-bRhZivXtA'),(153,1948,'3M Tegaderm Transparent Film Dressing Frame Style (10cm x 12cm)',0,'','3M','','1424320108_Image 1626W.png',0,NULL,NULL,1886,1,NULL,NULL,1,NULL,'1424320108_Tegaderm Transparent Dressings.pdf',NULL,'https://www.youtube.com/embed/0-bRhZivXtA'),(153,1949,'3M Tegaderm Transparent Film Dressing Frame Style',0,'','3M','','1424320154_Image 1627.png',0,NULL,NULL,1884,1,NULL,NULL,1,NULL,'1424320154_Tegaderm Transparent Dressings.pdf',NULL,'https://www.youtube.com/embed/0-bRhZivXtA'),(153,1950,'3M Tegaderm Transparent Film Dressing Frame Style (10cm x 12cm)',0,'','3M','',NULL,0,NULL,NULL,1883,1,NULL,NULL,1,NULL,'1424320280_Tegaderm Transparent Dressings.pdf',NULL,'https://www.youtube.com/embed/0-bRhZivXtA'),(153,1951,'3M Tegaderm Transparent Film Dressing Frame Style (20cm x 30cm)',0,'','3M','','1424320331_Image 1629.png',0,NULL,NULL,1887,1,NULL,NULL,1,NULL,'1424320331_Tegaderm Transparent Dressings.pdf',NULL,'https://www.youtube.com/embed/0-bRhZivXtA'),(153,1952,'3M Tegaderm Transparent Film Dressing Frame Style (10cm x 11.5cm)',0,'','3M','','1424320391_Image 1630.png',0,NULL,NULL,1888,1,NULL,NULL,1,NULL,'1424320391_Tegaderm Transparent Dressings.pdf',NULL,'https://www.youtube.com/embed/0-bRhZivXtA'),(153,1953,'3M Tegaderm Transparent Film Dressing (6cm x 7cm)',0,'','3M','','1424319737_Image 9505W.png',0,NULL,NULL,1879,1,NULL,NULL,1,NULL,'1424319737_Tegaderm Transparent Dressings.pdf',NULL,'https://www.youtube.com/embed/0-bRhZivXtA'),(154,1954,'3M Cavilon No Sting Barrier Film (1 ml wand)',0,'For educational assistance regarding this product, please click one of the graphics below:','3M','https://www.youtube.com/watch?v=d28fNUiH68M','1424715817_Image 3343.png',0,NULL,NULL,1889,1,NULL,NULL,1,1,'1424715817_Cavilon No Sting Barrier Film.pdf',NULL,''),(154,1955,'3M Cavilon No Sting Barrier Film (1 ml wand)',0,'','3M','','1424316710_Image 3343.png',0,NULL,NULL,1889,1,NULL,NULL,1,1,'1424316710_Cavilon No Sting Barrier Film.pdf',NULL,'https://www.youtube.com/embed/d28fNUiH68M'),(154,1956,'3M Cavilon No Sting Barrier Film (1 ml wand)',0,'For educational assistance regarding this product, please click one of the images below:','3M','https://www.youtube.com/watch?v=d28fNUiH68M','1424316710_Image 3343.png',0,NULL,NULL,1889,1,NULL,NULL,1,1,'1424316710_Cavilon No Sting Barrier Film.pdf',NULL,''),(153,1957,'3M Tegaderm Transparent Film Dressing Frame Style (4.4cm x 4.4cm)',0,'For educational assistance regarding this product, please click one of the images below:','3M','','1424319800_Image 1622W.png',0,NULL,NULL,1880,1,NULL,NULL,1,1,'1424319800_Tegaderm Transparent Dressings.pdf',NULL,''),(153,1958,'3M Tegaderm Transparent Film Dressing Frame Style (6cm x 7cm)',0,'For educational assistance regarding this product, please click one of the images below:','3M','','1424320050_Image 1624W.png',0,NULL,NULL,1882,1,NULL,NULL,1,1,'1424320050_Tegaderm Transparent Dressings.pdf','P',''),(153,1959,'3M Tegaderm Transparent Film Dressing Frame Style (10cm x 12cm)',0,'For educational assistance regarding this product, please click one of the images below:','3M','','1424320108_Image 1626W.png',0,NULL,NULL,1886,1,NULL,NULL,1,1,'1424320108_Tegaderm Transparent Dressings.pdf',NULL,''),(153,1960,'3M Tegaderm Transparent Film Dressing Frame Style',0,'For educational assistance regarding this product, please click one of the images below:','3M','','1424320154_Image 1627.png',0,NULL,NULL,1884,1,NULL,NULL,1,1,'1424320154_Tegaderm Transparent Dressings.pdf',NULL,''),(153,1961,'3M Tegaderm Transparent Film Dressing Frame Style (10cm x 12cm)',0,'For educational assistance regarding this product, please click one of the images below:','3M','',NULL,0,NULL,NULL,1883,1,NULL,NULL,1,1,'1424320280_Tegaderm Transparent Dressings.pdf',NULL,''),(153,1962,'3M Tegaderm Transparent Film Dressing Frame Style (20cm x 30cm)',0,'For educational assistance regarding this product, please click one of the images below:','3M','','1424320331_Image 1629.png',0,NULL,NULL,1887,1,NULL,NULL,1,1,'1424320331_Tegaderm Transparent Dressings.pdf',NULL,''),(153,1963,'3M Tegaderm Transparent Film Dressing Frame Style (10cm x 11.5cm)',0,'For educational assistance regarding this product, please click one of the images below:','3M','','1424320391_Image 1630.png',0,NULL,NULL,1888,1,NULL,NULL,1,1,'1424320391_Tegaderm Transparent Dressings.pdf',NULL,''),(153,1964,'3M Tegaderm Transparent Film Dressing (6cm x 7cm)',0,'For educational assistance regarding this product, please click one of the images below:','3M','','1424319737_Image 9505W.png',0,NULL,NULL,1879,1,NULL,NULL,1,1,'1424319737_Tegaderm Transparent Dressings.pdf',NULL,''),(154,1965,'3M Cavilon No Sting Barrier Film (1 ml wand)',0,'For educational assistance regarding this product, please click one of the images below:','3M','','1424316710_Image 3343.png',0,NULL,NULL,1889,1,NULL,NULL,1,1,'1424316710_Cavilon No Sting Barrier Film.pdf',NULL,'https://www.youtube.com/watch?v=7ZTAN6HurnI'),(154,1966,'3M Cavilon No Sting Barrier Film (1 ml wand)',0,'For educational assistance regarding this product, please click one of the images below:','3M','','1424316710_Image 3343.png',0,NULL,NULL,1889,1,NULL,NULL,1,1,'1424316710_Cavilon No Sting Barrier Film.pdf',NULL,'https://www.youtube.com/embed/d28fNUiH68M'),(154,1967,'3M Cavilon No Sting Barrier Film (1 ml wand)',0,'For educational assistance regarding this product, please click one of the images below:','3M','','1424316710_Image 3343.png',0,NULL,NULL,1889,1,NULL,NULL,1,1,'1424316710_Cavilon No Sting Barrier Film.pdf',NULL,'https://www.youtube.com/embed/d28fNUiH68M'),(155,1968,'3M Coban 2 Layer Compression System (2 rolls)',0,'','3M','','1424721625_Image 2094.png',0,NULL,NULL,NULL,1,NULL,NULL,1,1,'1424721625_3M Coban 2 Layer Compression System.pdf','P','https://www.youtube.com/embed/FqKjBE6_0AU'),(155,1969,'3M Coban 2 Layer Lite Compression System (2 rolls)',0,'','3M','','1424721728_Image 2794.png',0,NULL,NULL,NULL,1,NULL,NULL,1,1,'1424721728_3M Coban 2 Layer Compression System.pdf',NULL,'https://www.youtube.com/embed/FqKjBE6_0AU'),(138,1970,'3M Medipore Pad soft Cloth Adhesive Dressing (9cm x 15cm)',0,'For educational assistance regarding this product, please click one of the images below:','3M','','1424726855_Image 3569.png',0,NULL,NULL,1794,1,NULL,NULL,1,1,'1424726855_Medipore Soft Cloth Products.pdf',NULL,''),(150,1971,'3M Tegaderm Alginate Ag Silver Dressing (10cm x 12.5cm)',0,'For educational assistance regarding this product, please click one of the images below:','3M','','1424727172_Image 90303.png',0,NULL,NULL,1804,1,NULL,NULL,1,1,'1424727172_3M Tegaderm Alginate AG Silver Dressing.pdf',NULL,'https://www.youtube.com/embed/OF2_hyfWR2U'),(141,1972,'3M Tegaderm Hydrocolloid Dressing  Sacral Design',0,'For educational assistance regarding this product, please click one of the images below:','3M','','1424727410_Image 90007.png',0,NULL,NULL,1859,1,NULL,NULL,1,1,'1424727410_Tegaderm Hydrocolloid Adhesive Dressings.pdf',NULL,'https://www.youtube.com/embed/mw6UWwBnVAk'),(150,1973,'3M Tegaderm Alginate Ag Silver Rope (2.5cm x 30 cm)',0,'','3M','',NULL,0,NULL,NULL,1801,1,'90307',NULL,NULL,1,NULL,NULL,'https://www.youtube.com/watch?v=OF2_hyfWR2U'),(154,1974,'3M Cavilon No Sting Barrier Film (1 ml wand)',0,'For educational assistance regarding this product, please click one of the images below:','3M','http://tsn.ca','1424316710_Image 3343.png',0,NULL,NULL,1889,1,NULL,NULL,1,1,'1424316710_Cavilon No Sting Barrier Film.pdf',NULL,'https://www.youtube.com/embed/Af5te4TEI-Y'),(154,1975,'3M Cavilon No Sting Barrier Film (1 ml wipe)',0,'','3M','http://tsn.ca','1424316774_Image 3344.png',0,NULL,NULL,1890,1,NULL,NULL,1,NULL,'1424316774_Cavilon No Sting Barrier Film.pdf',NULL,'https://www.youtube.com/embed/Af5te4TEI-Y'),(154,1976,'3M Cavilon No Sting Barrier Film (3 ml wand)',0,'test','3M','http://tsn.ca','1424316818_Image 3345.png',0,NULL,NULL,1891,1,NULL,NULL,1,1,'1424316818_Cavilon No Sting Barrier Film.pdf',NULL,'https://www.youtube.com/watch?v=d28fNUiH68M'),(149,1977,'3M Tegaderm Absorbent Clear Acrylic  Large Oval',0,'','3M','https://www.youtube.com/watch?v=sZ6pdYez4Ps','1424316094_Image 90803.png',0,NULL,NULL,1788,1,'90803',NULL,1,1,'1424316094_Tegaderm Absorbent Clear Acrylic Dressing.pdf',NULL,''),(144,1978,'3M Tegaderm Matrix Dressing with PHI (5cm x 6cm)',0,'','3M','','1424807693_Image Matrix.png',0,NULL,NULL,1868,1,'90900',NULL,1,1,'1424807693_Tegaderm Matrix Dressings.pdf',NULL,''),(156,1979,'3M Transpore White Surgical Tape (2.5cm x 10yd)',0,'','3M','','1424808309_Images 1534-1.png',0,NULL,NULL,NULL,1,NULL,NULL,1,NULL,NULL,NULL,''),(154,1980,'3M Cavilon No Sting Barrier Film (1 ml wipe)',0,'','3M','http://solutions.3mcanada.ca/wps/portal/3M/en_CA/SkinandWound/Home/Products/','1424316774_Image 3344.png',0,NULL,NULL,1890,1,NULL,NULL,1,NULL,'1424316774_Cavilon No Sting Barrier Film.pdf',NULL,'https://www.youtube.com/embed/Af5te4TEI-Y'),(144,1981,'3M Tegaderm Matrix Dressing with PHI (5cm x 6cm)',0,'','3M','http://solutions.3mcanada.ca/wps/portal/3M/en_CA/SkinandWound/Home/Products/','1424807693_Image Matrix.png',0,NULL,NULL,1868,1,NULL,NULL,1,1,'1424807693_Tegaderm Matrix Dressings.pdf',NULL,''),(156,1982,'3M Transpore White Surgical Tape (2.5cm x 10yd)',0,'','3M','','1424808309_Images 1534-1.png',0,NULL,NULL,1979,1,NULL,NULL,1,NULL,NULL,NULL,'http://solutions.3mcanada.ca/wps/portal/3M/en_CA/SkinandWound/Home/Products/'),(154,1983,'3M Cavilon No Sting Barrier Film (1 ml wipe)',0,'','3M','http://solutions.3mcanada.ca/wps/portal/3M/en_CA/SkinandWound/Home/Products/','1424316774_Image 3344.png',0,NULL,NULL,1890,1,NULL,NULL,1,NULL,'1424316774_Cavilon No Sting Barrier Film.pdf',NULL,'https://www.youtube.com/embed/d28fNUiH68M'),(144,1984,'3M Tegaderm Matrix Dressing with PHI (5cm x 6cm)',0,'','3M','http://solutions.3mcanada.ca/wps/portal/3M/en_CA/SkinandWound/Home/Products/','1424807693_Image Matrix.png',0,NULL,NULL,1868,1,NULL,NULL,1,1,'1424807693_Tegaderm Matrix Dressings.pdf',NULL,''),(156,1985,'3M Transpore White Surgical Tape (2.5cm x 10yd)',0,'','3M','','1424808309_Images 1534-1.png',0,NULL,NULL,1979,1,NULL,NULL,1,NULL,NULL,NULL,'http://solutions.3mcanada.ca/wps/portal/3M/en_CA/SkinandWound/Home/Products/'),(155,1986,'3M Coban 2 Layer Compression System for patients with ABPI > 0.8',0,'','3M','',NULL,0,NULL,NULL,NULL,1,NULL,NULL,NULL,NULL,'1425940775_3M Coban 2 Layer Compression System.pdf','P',''),(155,1987,'3M Coban 2 Layer Compression System (2 rolls) 10cm x 3.5m)',0,'','3M','',NULL,0,NULL,NULL,1986,1,NULL,NULL,NULL,NULL,'1425940775_3M Coban 2 Layer Compression System.pdf','P',''),(155,1988,'3M Coban 2 Layer Compression System (2 rolls) 10cm x 3.5m',0,'','3M','',NULL,0,NULL,NULL,1986,1,NULL,NULL,NULL,NULL,'1425940775_3M Coban 2 Layer Compression System.pdf','P',''),(157,1989,'3M Cavilon No-Rinse Skin Cleanser (236 ml bottle)',0,'','','','1425941552_Image 3380.png',0,NULL,NULL,NULL,1,NULL,NULL,1,NULL,NULL,NULL,''),(158,1990,'3M Cavilon Durable Barrier Cream, Fragrance Free (28 g tube)',0,'','3M','','1426179098_Image Barrier Cream.png',0,NULL,NULL,NULL,1,NULL,NULL,1,NULL,'1426179098_3M Cavilon Durable Barrier Cream Application Card.pdf',NULL,''),(158,1991,'3M Cavilon Durable Barrier Cream, Fragrance Free (3.25 g tube)',0,'','3M','','1426179172_Image Barrier Cream.png',0,NULL,NULL,NULL,1,NULL,NULL,1,NULL,'1426179172_3M Cavilon Durable Barrier Cream Application Card.pdf',NULL,''),(158,1992,'3M Cavilon Durable Barrier Cream, Fragrance Free (2 g sachet)',0,'','3M','','1426179211_Image Barrier Cream.png',0,NULL,NULL,NULL,1,NULL,NULL,1,NULL,'1426179211_3M Cavilon Durable Barrier Cream Application Card.pdf',NULL,''),(151,1993,'3M Tegaderm Hydrocolloid Thin Dressing (10.1cm x 10.1cm)',0,'','3M','',NULL,0,NULL,NULL,1863,1,'90022',NULL,NULL,NULL,NULL,NULL,'https://www.youtube.com/watch?v=mw6UWwBnVAk'),(141,1994,'3M Tegaderm Hydrocolloid Dressing  Oval',0,'','3M','',NULL,0,NULL,NULL,1856,1,'90003',NULL,NULL,NULL,NULL,NULL,'https://www.youtube.com/watch?v=mw6UWwBnVAk'),(159,1995,'3M™ Kind Removal Silicone Tape (2.5cm x5m)',0,'','3M','','1426193509_Image Silicone Tape.png',1,NULL,NULL,NULL,1,NULL,NULL,1,1,NULL,NULL,''),(159,1996,'3M™ Kind Removal Silicone Tape (5cm x 5m)',0,'','3M','','1426193576_Image Silicone Tape.png',1,NULL,NULL,NULL,1,NULL,NULL,1,1,NULL,NULL,''),(159,1997,'3M™ Kind Removal Silicone Tape (2.5cm x 1.3m)',0,'','3M','','1426193654_Image Silicone Tape.png',1,NULL,NULL,NULL,1,NULL,NULL,1,1,NULL,NULL,''),(159,1998,'3M™ Kind Removal Silicone Tape (5cm x 1.3m)',0,'','3M','','1426193738_Image Silicone Tape.png',1,NULL,NULL,NULL,1,NULL,NULL,1,1,NULL,NULL,''),(138,1999,'3M™ Medipore™ +Pad Soft Cloth Adhesive  (9cm x 10cm)',0,'','3M','','1426201797_Image 3566.png',1,NULL,NULL,1791,1,'3566',NULL,1,NULL,NULL,NULL,''),(138,2000,'3M™ Medipore™ +Pad Soft Cloth Adhesive (9cm x 20cm)',0,'','3M','','1426201907_Image 3570.png',1,NULL,NULL,1795,1,'3570',NULL,1,NULL,NULL,NULL,''),(138,2001,'3M™ Medipore™ +Pad Soft Cloth Adhesive (9cm x 25cm)',0,'','3M','','1426201993_Image 3571.png',1,NULL,NULL,1797,1,'3571',NULL,1,NULL,NULL,NULL,''),(138,2002,'3M™ Medipore™ +Pad Soft Cloth Adhesive (9cm x 15cm)',0,'For educational assistance regarding this product, please click one of the images below:','3M','','1424726855_Image 3569.png',1,NULL,NULL,1794,1,NULL,NULL,1,NULL,'1424726855_Medipore Soft Cloth Products.pdf',NULL,''),(138,2003,'3M™ Medipore™ +Pad Soft Cloth Adhesive (9cm x 35cm)',0,'','3M','','1426202194_Image 3573.png',1,NULL,NULL,1799,1,'3573',NULL,1,NULL,NULL,NULL,''),(138,2004,'3M™ Medipore™ +Pad Soft Cloth Adhesive (5cm x 7cm)',0,'','3M','','1426202330_Image 3562.png',1,NULL,NULL,NULL,1,NULL,NULL,1,NULL,NULL,NULL,''),(138,2005,'3M™ Medipore™ +Pad Soft Cloth Adhesive (6cm x 10cm)',0,'','3M','','1426202424_Image 3564.png',1,NULL,NULL,NULL,1,NULL,NULL,1,NULL,NULL,NULL,''),(140,2006,'3M Tegaderm NonAdherent Contact Layer (7.5cm x 20cm)',0,'','3M','',NULL,0,NULL,NULL,1873,1,'5643',NULL,NULL,NULL,NULL,NULL,'https://www.youtube.com/watch?v=7ZTAN6HurnI'),(140,2007,'3M™ Tegaderm™ Non Adherent Contact Layer (20cm x 25cm)',0,'','3M','',NULL,0,NULL,NULL,1871,1,'5644',NULL,NULL,NULL,NULL,NULL,'https://www.youtube.com/watch?v=7ZTAN6HurnI'),(140,2008,'3M™ Tegaderm™ Non Adherent Contact Layer (7cm x 10cm)',0,'','3M','',NULL,0,NULL,NULL,1870,1,'5642',NULL,NULL,NULL,NULL,NULL,'https://www.youtube.com/watch?v=7ZTAN6HurnI'),(140,2009,'3M™ Tegaderm™ Non Adherent Contact Layer (7.5cm x 20cm)',0,'','3M','',NULL,0,NULL,NULL,1873,1,'5643',NULL,NULL,NULL,NULL,NULL,'https://www.youtube.com/watch?v=7ZTAN6HurnI'),(139,2010,'3M™ Tegaderm™ +Pad Film Dressing with Non-Adherent Pad (15cm x 15cm)',0,'','3M','','1426203592_Image 3582.png',0,NULL,NULL,1824,1,'3588',NULL,1,NULL,NULL,NULL,'https://www.youtube.com/watch?v=w6B1pobVfGs'),(139,2011,'3M™ Tegaderm™ +Pad Film Dressing with Non-Adherent Pad (5cm x 7 cm)',0,'','3M','','1426203646_Image 3582.png',1,NULL,NULL,1820,1,'3582',NULL,1,NULL,NULL,NULL,'https://www.youtube.com/watch?v=w6B1pobVfGs'),(139,2012,'3M™ Tegaderm™ +Pad Film Dressing with Non-Adherent Pad (6cm x 10cm)',0,'','3M','','1426203692_Image 3584.png',1,NULL,NULL,1829,1,'3584',NULL,1,NULL,NULL,NULL,'https://www.youtube.com/watch?v=w6B1pobVfGs'),(139,2013,'3M™ Tegaderm™ +Pad Film Dressing with Non-Adherent Pad (9cm x 10 cm)',0,'','3M','','1426203736_Image 3586.png',1,NULL,NULL,1821,1,'3586',NULL,1,NULL,NULL,NULL,'https://www.youtube.com/watch?v=w6B1pobVfGs'),(139,2014,'3M™ Tegaderm™ +Pad Film Dressing with Non-Adherent Pad (9cm x 10.5cm)',0,'','3M','','1426203859_Image 3587.png',1,NULL,NULL,1822,1,'3587',NULL,1,NULL,NULL,NULL,'https://www.youtube.com/watch?v=w6B1pobVfGs'),(139,2015,'3M™ Tegaderm™ +Pad Film Dressing with Non-Adherent Pad (15cm x 15cm)',0,'','3M','','1426203905_Image 3588.png',1,NULL,NULL,1824,1,'3588',NULL,1,NULL,NULL,NULL,'https://www.youtube.com/watch?v=w6B1pobVfGs'),(139,2016,'3M™ Tegaderm™ +Pad Film Dressing with Non-Adherent Pad (9cm x 15cm)',0,'','3M','','1426203952_Image 3589.png',1,NULL,NULL,1830,1,'3589',NULL,1,NULL,NULL,NULL,'https://www.youtube.com/watch?v=w6B1pobVfGs'),(139,2017,'3M™ Tegaderm™ +Pad Film Dressing with Non-Adherent Pad (9cm x 20cm)',0,'','3M','','1426203993_Image 3590.png',1,NULL,NULL,1825,1,'3590',NULL,1,NULL,NULL,NULL,'https://www.youtube.com/watch?v=w6B1pobVfGs'),(139,2018,'3M™ Tegaderm™ +Pad Film Dressing with Non-Adherent Pad (9cm x 25cm)',0,'','3M','','1426204039_Image 3591.png',1,NULL,NULL,1827,1,'3591',NULL,1,NULL,NULL,NULL,'https://www.youtube.com/watch?v=w6B1pobVfGs'),(139,2019,'3M™ Tegaderm™ +Pad Film Dressing with Non-Adherent Pad (9cm x 35cm)',0,'','3M','','1426204132_Image 3593.png',1,NULL,NULL,1832,1,'3593',NULL,1,NULL,NULL,NULL,'https://www.youtube.com/watch?v=w6B1pobVfGs'),(145,2020,'3M™ Tegaderm™ Foam Dressing Non-Adhesive (5cm x 5cm)',0,'','3M','','1426214008_Image 90600.png',1,NULL,NULL,1847,1,'90600',NULL,1,NULL,NULL,NULL,'https://www.youtube.com/watch?v=8G2xRAse_Yg'),(145,2021,'3M™ Tegaderm™ Foam Dressing Non-Adhesive (10cm x 10cm)',0,'','3M','',NULL,1,NULL,NULL,1849,1,'90602',NULL,1,NULL,NULL,NULL,'https://www.youtube.com/watch?v=8G2xRAse_Yg'),(145,2022,'3M™ Tegaderm™ Foam Dressing Non-Adhesive (10cm x 20cm)',0,'','3M','','1426214332_Image 90602.png',1,NULL,NULL,1851,1,'90603',NULL,1,NULL,NULL,NULL,'https://www.youtube.com/watch?v=8G2xRAse_Yg'),(149,2023,'3M™ Tegaderm™ Foam Dressing Non-Adhesive (20cm x 20cm)',0,'','3M','',NULL,0,NULL,NULL,NULL,1,NULL,NULL,NULL,NULL,NULL,NULL,''),(145,2024,'3M™ Tegaderm™ Foam Dressing Non-Adhesive Fenestrated Foam (8.8cm x 8.8cm)',0,'','3M','',NULL,1,NULL,NULL,1844,1,'90604',NULL,NULL,NULL,NULL,NULL,'https://www.youtube.com/watch?v=8G2xRAse_Yg'),(145,2025,'3M™ Tegaderm™ Foam Dressing Non-Adhesive Roll (10cm x 60 cm roll)',0,'','3M','','1426214499_Image 90605.png',1,NULL,NULL,1846,1,'90605',NULL,1,NULL,NULL,NULL,'https://www.youtube.com/watch?v=8G2xRAse_Yg'),(145,2026,'3M™ Tegaderm™ Foam Dressing Non-Adhesive (10cm x 10cm)',0,'','3M','',NULL,0,NULL,NULL,1843,1,'90601',NULL,NULL,NULL,NULL,NULL,'https://www.youtube.com/watch?v=8G2xRAse_Yg'),(146,2027,'3M™ Tegaderm™ Foam Adhesive Mini Wrap (7cm x 7cm) Mini Wrap',0,'','3M','','1426215506_Image 90615.png',0,NULL,NULL,1838,1,'90615',NULL,1,NULL,NULL,NULL,'https://www.youtube.com/watch?v=wULKcpjvGSk'),(146,2028,'3M™ Tegaderm™ Foam Adhesive Square (8.8cm x 8.8cm)',0,'','3M','',NULL,0,NULL,NULL,1835,1,'90612',NULL,NULL,NULL,NULL,NULL,'https://www.youtube.com/watch?v=wULKcpjvGSk'),(146,2029,'3M™ Tegaderm™ High Performance Foam Small Oval (10cm x 11cm)',0,'','3M','','1426215738_Image 90611.png',0,NULL,NULL,1833,1,'90611',NULL,1,NULL,NULL,NULL,'https://www.youtube.com/watch?v=wULKcpjvGSk'),(146,2030,'3M™ Tegaderm™ High Performance Foam Adhesive Square (14.3cm x 14.3cm)',0,'','3M','','1426215851_Image 90612.png',0,NULL,NULL,NULL,1,NULL,NULL,1,NULL,NULL,NULL,''),(146,2031,'3M™ Tegaderm™ High Performance Foam Adhesive Med Oval (14.3cm x 15.6cm)',0,'','3M','',NULL,0,NULL,NULL,1836,1,'90613',NULL,NULL,NULL,NULL,NULL,'https://www.youtube.com/watch?v=wULKcpjvGSk'),(146,2032,'3M™ Tegaderm™ High Performance Foam Adhesive Mini Oval (7cm x 7.6cm)',0,'','3M','',NULL,0,NULL,NULL,NULL,1,NULL,NULL,NULL,NULL,NULL,NULL,''),(146,2033,'3M™ Tegaderm™ High Performance Foam Adhesive Large Oval (19cm x 22.2cm)',0,'','3M','','1426216076_Image 90616.png',0,NULL,NULL,1839,1,'90616',NULL,1,NULL,NULL,NULL,'https://www.youtube.com/watch?v=wULKcpjvGSk'),(146,2034,'3M™ Tegaderm™ High Performance Foam Adhesive Heel Design (14cm x 14cm)',0,'','3M','','1426216170_Image 90619.png',0,NULL,NULL,1841,1,'90619',NULL,1,NULL,NULL,NULL,'https://www.youtube.com/watch?v=wULKcpjvGSk'),(147,2035,'3M™ Tegaderm™ Silicone (10cm x 10cm)',0,'','3M','',NULL,1,NULL,NULL,1874,1,'90641',NULL,NULL,NULL,NULL,NULL,''),(160,2036,'3M™ Steri-Strip™ Reinforced Adhesive Skin Closures (3mm x 75mm)',0,'','3M','','1426217420_Image R1540.png',1,NULL,NULL,NULL,1,NULL,NULL,NULL,NULL,NULL,NULL,''),(160,2037,'3M™ Steri-Strip™ Reinforced Adhesive Skin Closures (6mm x 75mm)',0,'','3M','','1426217512_Image R1541.png',1,NULL,NULL,NULL,1,NULL,NULL,1,NULL,NULL,NULL,''),(160,2038,'3M™ Steri-Strip™ Reinforced Adhesive Skin Closures (6mm x 38mm)',0,'','','','1426217587_Image R1542.png',1,NULL,NULL,NULL,1,NULL,NULL,1,NULL,NULL,NULL,''),(149,2039,'3M™ Steri-Strip™ Reinforced Adhesive Skin Closures (6mm x 100mm)',0,'','3M','','1426217685_Image R1546.png',0,NULL,NULL,NULL,1,NULL,NULL,1,NULL,NULL,NULL,''),(160,2040,'3M™ Steri-Strip™ Reinforced Adhesive Skin Closures (12mm x 100mm)',0,'','3M','','1426217761_Image R1547.png',1,NULL,NULL,NULL,1,NULL,NULL,1,NULL,NULL,NULL,''),(160,2041,'3M™ Steri-Strip™ Reinforced Adhesive Skin Closures (25mm x 125mm)',0,'','3M','','1426217836_Image R1548.png',1,NULL,NULL,NULL,1,NULL,NULL,1,NULL,NULL,NULL,''),(160,2042,'3M™ Steri-Strip™ Reinforced Adhesive Skin Closures (12mm x 50mm)',0,'','3M','','1426217905_Image R1549.png',1,NULL,NULL,NULL,1,NULL,NULL,1,NULL,NULL,NULL,''),(147,2043,'3M™ Tegaderm ™ Silicone Foam Border (15cm x 15cm)',0,'','3M','',NULL,1,NULL,NULL,1876,1,'90642',NULL,NULL,NULL,NULL,NULL,''),(142,2044,'3M™ Tegaderm™ High Gelling Alginate Dressing (10cm x 10cm)',0,'','3M','','1426218668_Image 90212.png',1,NULL,NULL,1809,1,'90212',NULL,1,NULL,NULL,NULL,'https://www.youtube.com/watch?v=etSpxn-9VYw'),(142,2045,'3M™ Tegaderm™ High Gelling Alginate Dressing (30.4cm rope)',0,'','3M','','1426218736_Image 90220.png',1,NULL,NULL,1811,1,'90220',NULL,1,NULL,NULL,NULL,'https://www.youtube.com/watch?v=etSpxn-9VYw'),(142,2046,'3M™ Tegaderm™ High Integrity Alginate Dressing (10cm x 10cm)',0,'','3M','','1426218788_Image 90112.png',0,NULL,NULL,1805,1,'90112',NULL,1,NULL,NULL,NULL,'https://www.youtube.com/watch?v=etSpxn-9VYw'),(142,2047,'3M™ Tegaderm™ High Integrity Alginate Dressing (10cm x 20cm)',0,'','3M','','1426218871_Image 90114.png',0,NULL,NULL,1806,1,'90114',NULL,1,NULL,NULL,NULL,'https://www.youtube.com/watch?v=etSpxn-9VYw'),(142,2048,'3M™ Tegaderm™ High Integrity Alginate Dressing (30.4 cm rope)',0,'','3M','','1426218996_Image 90120.png',0,NULL,NULL,1808,1,'90120',NULL,1,NULL,NULL,NULL,'https://www.youtube.com/watch?v=etSpxn-9VYw'),(144,2049,'3M™ Tegaderm™ Matrix Dressing with PHI (5cm x 6cm)',0,'','3M','http://solutions.3mcanada.ca/wps/portal/3M/en_CA/SkinandWound/Home/Products/','1424807693_Image Matrix.png',1,NULL,NULL,1868,1,NULL,NULL,1,NULL,NULL,NULL,''),(144,2050,'3M™ Tegaderm™ Matrix Dressing with PHI (10.16cm x 12.7cm)',0,'','3M','',NULL,1,NULL,NULL,1867,1,'90571',NULL,NULL,NULL,NULL,NULL,''),(155,2051,'3M™ Coban™ 2 Layer Compression System (2 rolls)',0,'','3M','','1424721625_Image 2094.png',0,NULL,NULL,1968,1,NULL,NULL,1,NULL,'1424721625_3M Coban 2 Layer Compression System.pdf','P','https://s3-us-west-2.amazonaws.com/pixalere.com/product_videos/coban2_basic.mp4'),(155,2052,'3M™ Coban™ 2 Layer Lite Compression System  (2 rolls)',0,'','3M','','1424721728_Image 2794.png',0,NULL,NULL,1969,1,NULL,NULL,1,NULL,'1424721728_3M Coban 2 Layer Compression System.pdf',NULL,'https://s3-us-west-2.amazonaws.com/pixalere.com/product_videos/coban2_frail.mp4'),(155,2053,'3M™ Coban™ 2 Layer Compression System (2 rolls) 10cm x 3.5m',0,'','3M','','1426220430_Image 2094.png',0,NULL,NULL,1986,1,NULL,NULL,1,NULL,'1425940775_3M Coban 2 Layer Compression System.pdf','P','https://s3-us-west-2.amazonaws.com/pixalere.com/product_videos/coban2_basic.mp4'),(153,2054,'3M™ Tegaderm™ Transparent Film Dressing (6cm x 7cm)',0,'For educational assistance regarding this product, please click one of the images below:','3M','','1424319737_Image 9505W.png',0,NULL,NULL,1879,1,NULL,NULL,1,NULL,'1424319737_Tegaderm Transparent Dressings.pdf',NULL,''),(153,2055,'3M™ Tegaderm™ Transparent Film Dressing Frame Style (10cm x 11.5cm)',0,'For educational assistance regarding this product, please click one of the images below:','3M','','1424320391_Image 1630.png',0,NULL,NULL,1888,1,NULL,NULL,1,NULL,'1424320391_Tegaderm Transparent Dressings.pdf',NULL,''),(153,2056,'3M™ Tegaderm™ Transparent Film Dressing Frame Style (10cm x 12cm)',0,'For educational assistance regarding this product, please click one of the images below:','3M','','1424320108_Image 1626W.png',0,NULL,NULL,1886,1,NULL,NULL,1,NULL,'1424320108_Tegaderm Transparent Dressings.pdf',NULL,''),(153,2057,'3M™ Tegaderm™ Transparent Film Dressing Frame Style (10cm x 12cm)',0,'For educational assistance regarding this product, please click one of the images below:','3M','',NULL,0,NULL,NULL,1883,1,NULL,NULL,1,NULL,'1424320280_Tegaderm Transparent Dressings.pdf',NULL,''),(153,2058,'3M™ Tegaderm™ Transparent Film Dressing Frame Style (20cm x 30cm)',0,'For educational assistance regarding this product, please click one of the images below:','3M','','1424320331_Image 1629.png',0,NULL,NULL,1887,1,NULL,NULL,1,NULL,'1424320331_Tegaderm Transparent Dressings.pdf',NULL,''),(153,2059,'3M™ Tegaderm™ Transparent Film Dressing Frame Style (4.4cm x 4.4cm)',0,'For educational assistance regarding this product, please click one of the images below:','3M','','1424319800_Image 1622W.png',0,NULL,NULL,1880,1,NULL,NULL,1,NULL,'1424319800_Tegaderm Transparent Dressings.pdf',NULL,''),(153,2060,'3M™ Tegaderm™ Transparent Film Dressing Frame Style (6cm x 7cm)',0,'For educational assistance regarding this product, please click one of the images below:','3M','','1424320050_Image 1624W.png',0,NULL,NULL,1882,1,NULL,NULL,1,NULL,'1424320050_Tegaderm Transparent Dressings.pdf','P',''),(153,2061,'3M™ Tegaderm™ Transparent Film Dressing Frame Style (10cm x 12cm)',0,'For educational assistance regarding this product, please click one of the images below:','3M','','1427219849_Image 1626W.png',0,NULL,NULL,1883,1,NULL,NULL,1,NULL,'1424320280_Tegaderm Transparent Dressings.pdf',NULL,''),(151,2062,'3M™ Tegaderm™ Hydrocolloid Thin Dressing (10.1cm x 10.1cm)',0,'','3M','','1427221086_Image 90022.png',0,NULL,NULL,1863,1,'90022',NULL,1,NULL,NULL,NULL,'https://www.youtube.com/watch?v=mw6UWwBnVAk'),(151,2063,'3M™ Tegaderm™ Hydrocolloid Thin Dressing (10.1cm x 12cm)',0,'','3M','','1427221180_Image 90023.png',0,NULL,NULL,1862,1,'90023',NULL,1,NULL,NULL,NULL,'https://www.youtube.com/watch?v=mw6UWwBnVAk'),(151,2064,'3M™ Tegaderm™ Hydrocolloid Thin Dressing (13.9cm x 17.1cm)',0,'','3M','','1427221256_Image 90024.png',0,NULL,NULL,1865,1,'90024',NULL,1,NULL,NULL,NULL,'https://www.youtube.com/watch?v=mw6UWwBnVAk'),(151,2065,'3M™ Tegaderm™ Hydrocolloid Thin Dressing (10.1cm x 10.1cm) Square',0,'','3M','','1427221086_Image 90022.png',1,NULL,NULL,1863,1,'90022',NULL,1,NULL,NULL,NULL,'https://www.youtube.com/watch?v=mw6UWwBnVAk'),(151,2066,'3M™ Tegaderm™ Hydrocolloid Thin Dressing (10.1cm x 12cm) Oval',0,'','3M','','1427221180_Image 90023.png',1,NULL,NULL,1862,1,'90023',NULL,1,NULL,NULL,NULL,'https://www.youtube.com/watch?v=mw6UWwBnVAk'),(151,2067,'3M™ Tegaderm™ Hydrocolloid Thin Dressing (13.9cm x 17.1cm) Oval',0,'','3M','','1427221256_Image 90024.png',1,NULL,NULL,1865,1,'90024',NULL,1,NULL,NULL,NULL,'https://www.youtube.com/watch?v=mw6UWwBnVAk'),(151,2068,'3M™ Tegaderm™ Hydrocolloid Thin Dressing (6.9cm x 8.8cm) Oval',0,'','3M','','1427221423_Image 90021.png',1,NULL,NULL,1860,1,'90021',NULL,1,NULL,NULL,NULL,'https://www.youtube.com/watch?v=mw6UWwBnVAk'),(149,2069,'3M™ Tegaderm™ Absorbent Clear Acrylic (16.8cm x 19cm) Sacral Design',0,'','3M','https://www.youtube.com/watch?v=sZ6pdYez4Ps','1424316474_Image 90807.png',1,NULL,NULL,1790,1,'90807',NULL,1,NULL,'1424316474_Tegaderm Absorbent Clear Acrylic Dressing.pdf',NULL,''),(149,2070,'3M™ Tegaderm™ Absorbent Clear Acrylic (7.6cm x 9.5cm) Small Oval',0,'','3M','','1427222442_Image 90800.png',1,NULL,NULL,1784,1,'90800',NULL,1,NULL,NULL,NULL,''),(149,2071,'3M™ Tegaderm™ Absorbent Clear Acrylic (11.1cm x 12.7cm) Med Oval',0,'','3M','https://www.youtube.com/watch?v=sZ6pdYez4Ps','1424316290_Image 90801.png',0,NULL,NULL,1786,1,'90801',NULL,1,NULL,'1424316290_Tegaderm Absorbent Clear Acrylic Dressing.pdf',NULL,''),(149,2072,'3M™ Tegaderm™ Absorbent Clear Acrylic (14.2cm x 15.8cm) Large Oval',0,'','3M','https://www.youtube.com/watch?v=sZ6pdYez4Ps','1424316094_Image 90803.png',1,NULL,NULL,1788,1,'90803',NULL,1,NULL,'1424316094_Tegaderm Absorbent Clear Acrylic Dressing.pdf',NULL,''),(149,2073,'3M™ Tegaderm™ Absorbent Clear Acrylic (14.9cm x 15.2cm) Small Square',0,'','3M','https://www.youtube.com/watch?v=sZ6pdYez4Ps','1424316355_Image 90802.png',1,NULL,NULL,1787,1,'90802',NULL,1,NULL,'1424316355_Tegaderm Absorbent Clear Acrylic Dressing.pdf',NULL,''),(149,2074,'3M™ Tegaderm™ Absorbent Clear Acrylic (20cm x 20.3cm) Large Square',0,'','3M','','1427222860_Image 90805.png',1,NULL,NULL,1789,1,'90805',NULL,1,NULL,NULL,NULL,''),(160,2075,'3M™ Steri-Strip™ Reinforced Adhesive Skin Closures (6mm x 100mm)',0,'','3M','','1426217685_Image R1546.png',1,NULL,NULL,2039,1,NULL,NULL,1,NULL,NULL,NULL,''),(145,2076,'3M™ Tegaderm™ Foam Dressing Non-Adhesive (20cm x 20cm)',0,'','3M','',NULL,1,NULL,NULL,2023,1,NULL,NULL,NULL,NULL,NULL,NULL,''),(150,2077,'3M™ Tegaderm™ Alginate Ag Silver Dressing (10cm x 12.5cm)',0,'For educational assistance regarding this product, please click one of the images below:','3M','','1424727172_Image 90303.png',0,NULL,NULL,1804,1,NULL,NULL,1,NULL,'1424727172_3M Tegaderm Alginate AG Silver Dressing.pdf',NULL,'https://www.youtube.com/embed/OF2_hyfWR2U'),(150,2078,'3M™ Tegaderm™ Alginate Ag Silver Rope (2.5cm x 30 cm)',0,'','3M','','1427306399_Image 90307.png',0,NULL,NULL,1801,1,'90307',NULL,1,NULL,NULL,NULL,'https://www.youtube.com/watch?v=OF2_hyfWR2U'),(150,2079,'3M™ Tegaderm™ Alginate Ag Silver Dressing (5cm x 5cm)',0,'','3M','','1427306480_Image 90301.png',0,NULL,NULL,1802,1,'90301',NULL,1,NULL,NULL,NULL,'https://www.youtube.com/watch?v=OF2_hyfWR2U'),(143,2080,'3M™ Tegaderm™ Ag Mesh Dressing with Silver (10cm x 12cm)',0,'','3M','','1427307001_Image 90501.png',0,NULL,NULL,1815,1,'90501',NULL,1,NULL,NULL,NULL,'https://www.youtube.com/watch?v=Ikag5sdNnZ0'),(143,2081,'3M™ Tegaderm™ Ag Mesh Dressing with Silver (10cm x 20cm)',0,'','3M','','1427307050_Image 90502.png',0,NULL,NULL,1817,1,'90502',NULL,1,NULL,NULL,NULL,'https://www.youtube.com/watch?v=Ikag5sdNnZ0'),(143,2082,'3M™ Tegaderm™ Ag Mesh Dressing with Silver (20cm x 20cm)',0,'','3M','','1427307094_Image 90503.png',0,NULL,NULL,1818,1,'90503',NULL,1,NULL,NULL,NULL,'https://www.youtube.com/watch?v=Ikag5sdNnZ0'),(143,2083,'3M™ Tegaderm™ Ag Mesh Dressing with Silver (5cm x 5cm)',0,'','3M','','1427307134_Image 90500.png',0,NULL,NULL,1813,1,'90500',NULL,1,NULL,NULL,NULL,'https://www.youtube.com/watch?v=Ikag5sdNnZ0'),(158,2084,'3M™ Cavilon™ Durable Barrier Cream, Fragrance Free (2 g sachet)',0,'','3M','','1426179211_Image Barrier Cream.png',1,NULL,NULL,1992,1,NULL,NULL,1,NULL,'1426179211_3M Cavilon Durable Barrier Cream Application Card.pdf',NULL,''),(158,2085,'3M™ Cavilon™ Durable Barrier Cream, Fragrance Free (28 g tube)',0,'','3M','','1426179098_Image Barrier Cream.png',1,NULL,NULL,1990,1,NULL,NULL,1,NULL,'1426179098_3M Cavilon Durable Barrier Cream Application Card.pdf',NULL,''),(158,2086,'3M™ Cavilon™ Durable Barrier Cream, Fragrance Free (3.25 g tube)',0,'','3M','','1426179172_Image Barrier Cream.png',1,NULL,NULL,1991,1,NULL,NULL,1,NULL,'1426179172_3M Cavilon Durable Barrier Cream Application Card.pdf',NULL,''),(146,2087,'3M™ Tegaderm™ Foam Adhesive Mini Wrap (6.9cm x 6.9cm) Mini Wrap',0,'','3M','','1426215506_Image 90615.png',1,NULL,NULL,1838,1,'90615',NULL,1,NULL,NULL,NULL,'https://www.youtube.com/watch?v=wULKcpjvGSk'),(146,2088,'3M™ Tegaderm™ Foam Adhesive (8.8cm x 8.8cm) Square',0,'','3M','',NULL,1,NULL,NULL,1835,1,'90612',NULL,NULL,NULL,NULL,NULL,'https://www.youtube.com/watch?v=wULKcpjvGSk'),(146,2089,'3M™ Tegaderm™ High Performance Foam (10cm x 11cm) Small Oval',0,'','3M','','1426215738_Image 90611.png',1,NULL,NULL,1833,1,'90611',NULL,1,NULL,NULL,NULL,'https://www.youtube.com/watch?v=wULKcpjvGSk'),(146,2090,'3M™ Tegaderm™ High Performance Foam Adhesive (14.3cm x 14.3cm) Square',0,'','3M','','1426215851_Image 90612.png',1,NULL,NULL,2030,1,NULL,NULL,1,NULL,NULL,NULL,''),(146,2091,'3M™ Tegaderm™ High Performance Foam Adhesive (14.3cm x 15.6cm) Med Oval',0,'','3M','',NULL,1,NULL,NULL,1836,1,'90613',NULL,NULL,NULL,NULL,NULL,'https://www.youtube.com/watch?v=wULKcpjvGSk'),(146,2092,'3M™ Tegaderm™ High Performance Foam Adhesive (7cm x 7.6cm) Mini Oval',0,'','3M','',NULL,1,NULL,NULL,2032,1,NULL,NULL,NULL,NULL,NULL,NULL,''),(146,2093,'3M™ Tegaderm™ High Performance Foam Adhesive (19cm x 22.2cm) Large Oval',0,'','3M','','1426216076_Image 90616.png',1,NULL,NULL,1839,1,'90616',NULL,1,NULL,NULL,NULL,'https://www.youtube.com/watch?v=wULKcpjvGSk'),(146,2094,'3M™ Tegaderm™ High Performance Foam Adhesive (14cm x 14cm) Heel Design',0,'','3M','','1426216170_Image 90619.png',1,NULL,NULL,1841,1,'90619',NULL,1,NULL,NULL,NULL,'https://www.youtube.com/watch?v=wULKcpjvGSk'),(152,2095,'3M™ Tegaderm™ Hydrogel Wound Filler (.528 oz)',0,'','3M','',NULL,0,NULL,NULL,1866,1,'91110',NULL,NULL,NULL,NULL,NULL,'https://www.youtube.com/watch?v=ynlJC0zkjDY'),(156,2096,'3M™ Transpore™ White Surgical Tape (2.5cm x 10yd)',0,'','3M','','1424808309_Images 1534-1.png',1,NULL,NULL,1979,1,NULL,NULL,1,NULL,NULL,NULL,'http://solutions.3mcanada.ca/wps/portal/3M/en_CA/SkinandWound/Home/Products/'),(154,2097,'3M™ Cavilon™ No Sting Barrier Film (1 ml wand)',0,'','3M','','1424316710_Image 3343.png',1,NULL,NULL,1889,1,NULL,NULL,1,NULL,'1434635124_3M™ Cavilon™ No Sting Barrier Film Application Card.pdf','P','https://www.youtube.com/embed/d28fNUiH68M'),(154,2098,'3M™ Cavilon™ No Sting Barrier Film (1 ml wipe)',0,'','3M','http://solutions.3mcanada.ca/wps/portal/3M/en_CA/SkinandWound/Home/Products/','1424316774_Image 3344.png',1,NULL,NULL,1890,1,NULL,NULL,1,NULL,'1424316774_Cavilon No Sting Barrier Film.pdf',NULL,'https://www.youtube.com/embed/d28fNUiH68M'),(154,2099,'3M™ Cavilon™ No Sting Barrier Film (28 ml bottle)',0,'','3M','','1424316878_Image 3346.png',1,NULL,NULL,1892,1,'3346',NULL,1,NULL,'1424316878_Cavilon No Sting Barrier Film.pdf',NULL,'https://www.youtube.com/watch?v=d28fNUiH68M'),(154,2100,'3M™ Cavilon™ No Sting Barrier Film (3 ml wand)',0,'test','3M','','1424316818_Image 3345.png',1,NULL,NULL,1891,1,NULL,NULL,1,NULL,'1424316818_Cavilon No Sting Barrier Film.pdf',NULL,'https://www.youtube.com/watch?v=d28fNUiH68M'),(140,2101,'3M™ Tegaderm™ Non Adherent Contact Layer (20cm x 25cm)',0,'','3M','',NULL,0,NULL,NULL,1871,1,'5644',NULL,1,NULL,NULL,NULL,'https://www.youtube.com/watch?v=7ZTAN6HurnI'),(140,2102,'3M™ Tegaderm™ Non Adherent Contact Layer (20cm x 25cm)',0,'','3M','','1427310557_Image 5644.png',1,NULL,NULL,1871,1,'5644',NULL,1,NULL,NULL,NULL,'https://www.youtube.com/watch?v=7ZTAN6HurnI'),(140,2103,'3M™ Tegaderm™ Non Adherent Contact Layer (7.5cm x 20cm)',0,'','3M','','1427310641_Image 5643.png',1,NULL,NULL,1873,1,'5643',NULL,1,NULL,NULL,NULL,'https://www.youtube.com/watch?v=7ZTAN6HurnI'),(140,2104,'3M™ Tegaderm™ Non Adherent Contact Layer (7.5cm x 10cm)',0,'','3M','','1427310741_Image 5642.png',1,NULL,NULL,1870,1,'5642',NULL,1,NULL,NULL,NULL,'https://www.youtube.com/watch?v=7ZTAN6HurnI'),(157,2105,'3M™ Cavilon™ No-Rinse Skin Cleanser (236 ml bottle)',0,'','','','1425941552_Image 3380.png',1,NULL,NULL,1989,1,NULL,NULL,1,NULL,NULL,NULL,''),(152,2106,'3M™ Tegaderm™ Hydrogel Wound Filler (.528 oz)',0,'','3M','','1427395471_Image wound filler.png',1,NULL,NULL,1866,1,'91110',NULL,1,NULL,'1427395471_Library 3M™ Tegaderm™ Hydrogel Wound Filler Application Card.pdf','P','https://www.youtube.com/watch?v=ynlJC0zkjDY'),(149,2107,'Testing',0,'test','Pixalere','http://www.jango.com/stations/361346219/tunein?gcid=1&l=0','1427918071_Image 3593.png',0,NULL,NULL,NULL,1,NULL,NULL,1,1,'1427918071_3M Barrier Film.pdf',NULL,'https://www.youtube.com/embed/?v=YDdueeBf7MY'),(149,2108,'Testing Tester',0,'test','Pixalere','http://www.jango.com/stations/361346219/tunein?gcid=1&l=0','1427918071_Image 3593.png',0,NULL,NULL,2107,1,NULL,NULL,1,NULL,'1427918071_3M Barrier Film.pdf',NULL,'https://www.youtube.com/embed/?v=YDdueeBf7MY'),(NULL,12706,'',0,NULL,'','',NULL,NULL,NULL,NULL,NULL,1,'',NULL,NULL,NULL,NULL,NULL,NULL),(NULL,12707,'',0,NULL,'','',NULL,NULL,NULL,NULL,NULL,1,'',NULL,NULL,NULL,NULL,NULL,NULL),(140,12708,'Smith & Nephew 4\"x4\" Allevyn Non-Adhesive',0,'','','',NULL,1,NULL,NULL,NULL,0,NULL,NULL,NULL,NULL,NULL,NULL,''),(140,12709,'Smith & Nephew 4\"x4\" Allevyn Non-Adhesive',0,'','','',NULL,0,NULL,NULL,NULL,1,NULL,NULL,NULL,NULL,NULL,NULL,''),(155,12710,'3M™ Coban™ 2 Layer Compression System (2 rolls)',0,'','3M','','1424721625_Image 2094.png',0,NULL,NULL,1968,1,NULL,NULL,1,NULL,'1424721625_3M Coban 2 Layer Compression System.pdf','P','https://s3-us-west-2.amazonaws.com/pixalere.com/product_videos/coban2_basic.mp4'),(155,12711,'3M™ Coban™ 2 Layer Compression System (2 rolls) 10cm x 3.5m',0,'','3M','','1426220430_Image 2094.png',0,NULL,NULL,1986,1,NULL,NULL,1,NULL,'1425940775_3M Coban 2 Layer Compression System.pdf','P','https://s3-us-west-2.amazonaws.com/pixalere.com/product_videos/coban2_basic.mp4'),(155,12712,'3M™ Coban™ 2 Layer Lite Compression System  (2 rolls)',0,'','3M','','1424721728_Image 2794.png',0,NULL,NULL,1969,1,NULL,NULL,1,NULL,'1424721728_3M Coban 2 Layer Compression System.pdf',NULL,'https://s3-us-west-2.amazonaws.com/pixalere.com/product_videos/coban2_frail.mp4'),(143,12713,'3M™ Tegaderm™ Ag Mesh Dressing with Silver (10cm x 12cm)',0,'','3M','','1427307001_Image 90501.png',1,NULL,NULL,1815,1,'90501',NULL,1,NULL,NULL,NULL,'https://s3-us-west-2.amazonaws.com/pixalere.com/product_videos/tegaderm_agmesh.mp4'),(143,12714,'3M™ Tegaderm™ Ag Mesh Dressing with Silver (10cm x 20cm)',0,'','3M','','1427307050_Image 90502.png',1,NULL,NULL,1817,1,'90502',NULL,1,NULL,NULL,NULL,'https://s3-us-west-2.amazonaws.com/pixalere.com/product_videos/tegaderm_agmesh.mp4'),(143,12715,'3M™ Tegaderm™ Ag Mesh Dressing with Silver (20cm x 20cm)',0,'','3M','','1427307094_Image 90503.png',1,NULL,NULL,1818,1,'90503',NULL,1,NULL,NULL,NULL,'https://s3-us-west-2.amazonaws.com/pixalere.com/product_videos/tegaderm_agmesh.mp4'),(143,12716,'3M™ Tegaderm™ Ag Mesh Dressing with Silver (5cm x 5cm)',0,'','3M','','1427307134_Image 90500.png',1,NULL,NULL,1813,1,'90500',NULL,1,NULL,NULL,NULL,'https://s3-us-west-2.amazonaws.com/pixalere.com/product_videos/tegaderm_agmesh.mp4'),(142,12717,'3M™ Tegaderm™ High Integrity Alginate Dressing (10cm x 10cm)',0,'','3M','','1426218788_Image 90112.png',1,NULL,NULL,1805,1,'90112',NULL,1,NULL,NULL,NULL,'https://s3-us-west-2.amazonaws.com/pixalere.com/product_videos/tegaderm_alginate.mp4'),(142,12718,'3M™ Tegaderm™ High Integrity Alginate Dressing (10cm x 20cm)',0,'','3M','','1426218871_Image 90114.png',1,NULL,NULL,1806,1,'90114',NULL,1,NULL,NULL,NULL,'https://s3-us-west-2.amazonaws.com/pixalere.com/product_videos/tegaderm_alginate.mp4'),(150,12719,'3M™ Tegaderm™ Alginate Ag Silver Dressing (10cm x 12.5cm)',0,'For educational assistance regarding this product, please click one of the images below:','3M','','1424727172_Image 90303.png',1,NULL,NULL,1804,1,NULL,NULL,1,NULL,'1424727172_3M Tegaderm Alginate AG Silver Dressing.pdf',NULL,'https://s3-us-west-2.amazonaws.com/pixalere.com/product_videos/tegaderm_alginate_ag.mp4'),(150,12720,'3M™ Tegaderm™ Alginate Ag Silver Dressing (5cm x 5cm)',0,'','3M','','1427306480_Image 90301.png',1,NULL,NULL,1802,1,'90301',NULL,1,NULL,NULL,NULL,'https://s3-us-west-2.amazonaws.com/pixalere.com/product_videos/tegaderm_alginate_ag.mp4'),(150,12721,'3M™ Tegaderm™ Alginate Ag Silver Rope (2.5cm x 30 cm)',0,'','3M','','1427306399_Image 90307.png',1,NULL,NULL,1801,1,'90307',NULL,1,NULL,NULL,NULL,'https://s3-us-west-2.amazonaws.com/pixalere.com/product_videos/tegaderm_alginate_ag2.mp4'),(142,12722,'3M™ Tegaderm™ High Integrity Alginate Dressing (30.4 cm rope)',0,'','3M','','1426218996_Image 90120.png',1,NULL,NULL,1808,1,'90120',NULL,1,NULL,NULL,NULL,'https://s3-us-west-2.amazonaws.com/pixalere.com/product_videos/tegaderm_alginate2.mp4'),(153,12723,'3M™ Tegaderm™ Transparent Film Dressing (6cm x 7cm)',0,'For educational assistance regarding this product, please click one of the images below:','3M','','1424319737_Image 9505W.png',1,NULL,NULL,1879,1,NULL,NULL,1,NULL,'1424319737_Tegaderm Transparent Dressings.pdf',NULL,'https://s3-us-west-2.amazonaws.com/pixalere.com/product_videos/tegaderm_transparent.mp4'),(153,12724,'3M™ Tegaderm™ Transparent Film Dressing Frame Style (10cm x 11.5cm)',0,'For educational assistance regarding this product, please click one of the images below:','3M','','1424320391_Image 1630.png',1,NULL,NULL,1888,1,NULL,NULL,1,1,'1424320391_Tegaderm Transparent Dressings.pdf',NULL,'https://s3-us-west-2.amazonaws.com/pixalere.com/product_videos/tegaderm_transparent.mp4'),(153,12725,'3M™ Tegaderm™ Transparent Film Dressing Frame Style (10cm x 12cm)',0,'For educational assistance regarding this product, please click one of the images below:','3M','','1424320108_Image 1626W.png',1,NULL,NULL,1886,1,NULL,NULL,1,1,'1424320108_Tegaderm Transparent Dressings.pdf',NULL,'https://s3-us-west-2.amazonaws.com/pixalere.com/product_videos/tegaderm_transparent.mp4'),(153,12726,'3M™ Tegaderm™ Transparent Film Dressing Frame Style (10cm x 12cm)',0,'For educational assistance regarding this product, please click one of the images below:','3M','','1427219849_Image 1626W.png',1,NULL,NULL,1883,1,NULL,NULL,1,1,'1424320280_Tegaderm Transparent Dressings.pdf',NULL,'https://s3-us-west-2.amazonaws.com/pixalere.com/product_videos/tegaderm_transparent.mp4'),(153,12727,'3M™ Tegaderm™ Transparent Film Dressing Frame Style (20cm x 30cm)',0,'For educational assistance regarding this product, please click one of the images below:','3M','','1424320331_Image 1629.png',1,NULL,NULL,1887,1,NULL,NULL,1,1,'1424320331_Tegaderm Transparent Dressings.pdf',NULL,'https://s3-us-west-2.amazonaws.com/pixalere.com/product_videos/tegaderm_transparent.mp4'),(153,12728,'3M™ Tegaderm™ Transparent Film Dressing Frame Style (4.4cm x 4.4cm)',0,'For educational assistance regarding this product, please click one of the images below:','3M','','1424319800_Image 1622W.png',1,NULL,NULL,1880,1,NULL,NULL,1,1,'1424319800_Tegaderm Transparent Dressings.pdf',NULL,'https://s3-us-west-2.amazonaws.com/pixalere.com/product_videos/tegaderm_transparent.mp4'),(153,12729,'3M™ Tegaderm™ Transparent Film Dressing Frame Style (6cm x 7cm)',0,'For educational assistance regarding this product, please click one of the images below:','3M','','1424320050_Image 1624W.png',1,NULL,NULL,1882,1,NULL,NULL,1,1,'1424320050_Tegaderm Transparent Dressings.pdf','P','https://s3-us-west-2.amazonaws.com/pixalere.com/product_videos/tegaderm_transparent.mp4'),(155,12730,'3M™ Coban™ 2 Layer Lite Compression System  (2 rolls)',0,'','3M','','1424721728_Image 2794.png',1,NULL,NULL,1969,1,NULL,NULL,1,NULL,'1424721728_3M Coban 2 Layer Compression System.pdf',NULL,'https://s3-us-west-2.amazonaws.com/pixalere.com/product_videos/coban2_basic.mp4'),(155,12731,'3M™ Coban™ 2 Layer Compression System (2 rolls) 10cm x 3.5m',0,'','3M','','1426220430_Image 2094.png',1,NULL,NULL,1986,1,NULL,NULL,1,NULL,'1425940775_3M Coban 2 Layer Compression System.pdf','P','https://s3-us-west-2.amazonaws.com/pixalere.com/product_videos/coban2_basic.mp4'),(155,12732,'3M™ Coban™ 2 Layer Compression System (2 rolls)',0,'','3M','','1424721625_Image 2094.png',0,NULL,NULL,1968,1,NULL,NULL,1,NULL,'1424721625_3M Coban 2 Layer Compression System.pdf','P','https://s3-us-west-2.amazonaws.com/pixalere.com/product_videos/coban2_basic.mp4'),(155,12733,'3M™ Coban™ 2 Layer Compression System (2 rolls)',0,'','3M','','1424721625_Image 2094.png',1,NULL,NULL,1968,1,NULL,NULL,1,NULL,'1424721625_3M Coban 2 Layer Compression System.pdf','P','https://s3-us-west-2.amazonaws.com/pixalere.com/product_videos/coban2_basic.mp4'),(149,12734,'3M™ Tegaderm™ Absorbent Clear Acrylic (11.1cm x 12.7cm) Med Oval',0,'','3M','https://www.youtube.com/watch?v=sZ6pdYez4Ps','1424316290_Image 90801.png',1,NULL,NULL,1786,1,'90801',NULL,1,NULL,'1424316290_Tegaderm Absorbent Clear Acrylic Dressing.pdf','U',''),(149,12735,'',0,'','','',NULL,1,NULL,NULL,NULL,0,NULL,NULL,NULL,NULL,NULL,NULL,'');
/*!40000 ALTER TABLE `products` ENABLE KEYS */;
UNLOCK TABLES;

LOCK TABLES `products_categories` WRITE;
/*!40000 ALTER TABLE `products_categories` DISABLE KEYS */;
INSERT INTO `products_categories` (`id`, `title`, `active`) VALUES (138,'Adhesive Dressings',1),(139,'Film Dressings',1),(140,'Non-Adherent Dressings',1),(141,'Hydrocolloid Dressings',0),(142,'Alginate Dressings',1),(143,'Antimocrobials',1),(144,'Matrix Dressings',1),(145,'Foam Non-Adhesive Dressings',1),(146,'Foam Adhesive Dressings',1),(147,'Silicone Foam Border Dressings',1),(148,'Superabsorber Dressing',0),(149,'Acrylic Dressings',1),(150,'Alginate Ag Silver',1),(151,'Hydrocolloid Thin Dressings',1),(152,'Hydrogel',1),(153,'Transparent Film Dressings',1),(154,'Moisture Barriers',1),(155,'Compression Systems',1),(156,'Medical Tapes',1),(157,'Skin Cleansers',1),(158,'Barrier Cream',1),(159,'Silicone Tapes',1),(160,'Adhesive Skin Closures',1),(161,'Testing',0);
/*!40000 ALTER TABLE `products_categories` ENABLE KEYS */;
UNLOCK TABLES;


LOCK TABLES `library_category` WRITE;
/*!40000 ALTER TABLE `library_category` DISABLE KEYS */;
INSERT INTO `library_category` (`id`, `name`, `order_by`, `hide`) VALUES (8,'3M Product Application/Removal Guides',1,0),(9,'3M Product Education',1,0),(10,'3M™ Product Educational Videos',1,0);
/*!40000 ALTER TABLE `library_category` ENABLE KEYS */;
UNLOCK TABLES;

